Coal Flow Rate (t/h),Total Air Flow Rate (t/h),Main Steam Pressure (MPa),Main Steam Temperature (C),Main Steam Flow Rate (t/h),Feed Water Temperature (C),Hot Reheat Steam Temperature (C,Condenser Vacuum (kPa),Thermal Efficiency (%),Turbine Heat Rate (kJ/kWh),Power (MW)
cfr,tafr,msp,mst,msfr,fwt,htst,cv,te,thr,power
193.37,1981.69,18,561.19,1516.53,280.51,560.99,-92.3,38.64,8107.2,498.2
207.45,2139.37,20.42,560.88,1664.5,286.09,563.06,-92.2,39.55,7969.07,547.85
205.94,2169.48,21.03,563.46,1680.56,288.45,564.71,-92.11,40.44,7796.87,562.46
202.58,2132.11,21.66,563.23,1681.78,288.51,563.23,-93.5,40.35,7800.05,561.76
201.47,2115.79,21.46,564.25,1676.62,288.47,562.69,-91.94,40.42,7781.36,561.45
201.03,2107.93,21.32,565.44,1680.78,288.52,565.55,-91.97,40.24,7816.09,562.12
200.05,2099.86,21.35,565.27,1671.05,288.51,566.76,-91.99,40.31,7780.02,561.65
198.61,2084.47,21.39,565.51,1665.67,288.5,566.51,-92.01,40.54,7752.62,561.79
200,2095.19,21.22,565.84,1670.64,288.48,566.49,-92.03,40.38,7782.64,561.41
199.76,2098.73,21.18,565.86,1670.88,288.61,569.14,-92.05,40.27,7790.72,562.32
199.64,2097.21,21.21,567.62,1664.9,288.32,568.14,-92.1,40.41,7770.9,561.67
181.38,1994.37,20.92,566.62,1567.18,287.2,566.21,-92.12,41.25,7602.92,540.6
166.47,1797.29,18.7,563.81,1412.31,281.46,559.76,-91.22,40.82,7627.57,490.98
154.94,1711,16.98,559.8,1310.59,276.64,558.01,-92.21,40.22,7693.85,455.82
146.36,1650.35,16.2,560.54,1232.13,273.41,556.52,-92.29,39.56,7811.82,426.08
186.92,1925.1,16.48,560.78,1421.2,276.11,563.08,-92.94,38.04,8174.74,467.64
239.86,2455.3,22.33,562.11,1918.91,293.83,562.36,-92.43,40.2,7851.79,627.52
232.84,2478.55,23.97,562.63,2001.93,298.09,566.58,-91.99,40.02,7829.99,649.84
231.92,2448.92,24.09,560.51,1998.79,297.71,564.87,-91.97,39.91,7850.84,645.98
234.24,2460.53,24.03,558.51,2007.58,297.7,563,-91.96,39.87,7863.86,646.11
236.01,2475.69,23.81,558.34,2008.82,297.65,565.3,-91.94,39.83,7878.38,646.52
236.23,2480.45,23.8,559.79,2009.29,297.83,564.78,-91.93,39.69,7880.71,646.63
236.29,2470.03,24.14,561.56,2023.52,297.83,560.15,-91.91,39.47,7922.83,646.05
236.16,2470.03,24.14,560.62,2020.19,297.82,563.98,-91.9,39.5,7919.13,646.53
235.8,2461.37,24.11,559.37,2010.58,297.84,566.94,-91.88,39.65,7896.96,646.1
228,2410.71,24.07,563.14,1955.66,297.09,562.88,-91.81,39.67,7866.21,631.4
145.28,1585.12,14.13,553.84,1127.75,266.2,559.91,-92.59,38.5,8086.67,383.11
144.67,1574.43,14.14,553.31,1121.57,265.98,559.66,-92.6,38.64,8063.41,381.81
144.29,1577.82,14.06,553.89,1122.38,265.95,558.45,-92.61,38.63,8064.42,381.98
143.22,1572.16,14.02,554.07,1120.23,265.99,559.26,-92.62,38.68,8057.47,381.84
141.25,1563.27,14.03,553.66,1117.86,266.04,560.17,-92.63,38.77,8043.33,381.93
140.47,1555.39,14.04,553.46,1115.07,265.92,558.73,-92.63,38.86,8032.78,380.98
141.53,1564.67,13.89,554.21,1118.02,265.77,557.73,-92.64,38.78,8050.62,381.44
142.54,1570.24,13.8,553.91,1116.39,265.88,558.75,-92.65,38.83,8033.52,381.63
140.96,1562.69,13.96,554.04,1121.52,265.77,559.52,-92.67,38.61,8085.63,381.52
142.19,1573.26,13.74,553.95,1120.69,266.22,558.98,-92.7,38.68,8053.21,382.21
142.41,1572.77,13.89,554.08,1120.34,265.95,560.16,-92.72,38.76,8064.85,382.11
142.04,1569.18,13.86,553.75,1120.59,265.98,560.43,-92.73,38.64,8068.06,381.87
141.27,1564.86,14.01,553.96,1119.74,266.07,559.03,-92.75,38.72,8053.2,381.86
140.77,1566.97,13.97,553.87,1117.63,266.06,558.54,-92.76,38.79,8040.35,381.76
140.17,1564.12,13.91,554.16,1114.87,265.92,558.95,-92.78,38.88,8029.45,381.39
141.37,1571.32,13.81,555.41,1113.34,265.85,559.04,-92.79,38.87,8029.63,381.23
141.2,1569.99,13.93,557.98,1123.3,265.69,556.23,-92.83,38.49,8090.96,381.37
141.51,1575.19,13.99,557.12,1122.71,265.68,556.57,-92.85,38.58,8075.42,381.93
142.39,1577.09,13.78,556.84,1120.3,265.65,557.34,-92.86,38.56,8082.42,381.19
142.71,1575.21,13.78,557.02,1125.58,265.57,558.54,-92.88,38.45,8100.89,382.17
142.26,1571.17,13.98,556.29,1121.61,265.52,556.56,-92.89,38.58,8061.41,381.75
143.26,1572.6,13.88,556.67,1123.62,265.67,554.95,-92.9,38.55,8079.89,381.47
144.55,1586.16,14.06,556.8,1124.69,265.56,556.13,-92.91,38.52,8088.36,381.95
143.63,1573.32,13.79,556.76,1114.03,265.38,560.06,-92.93,38.85,8009.29,382.59
143.54,1569.77,13.94,557.34,1112.85,265.7,558.07,-92.94,38.92,8012.18,381.98
150.44,1669.29,14.95,554.62,1183.69,269.48,558.36,-93.15,39.23,7903.21,407.18
151.71,1667.54,14.85,556.6,1201.1,269.55,553.52,-93.12,38.78,7991.46,407.83
152.12,1664.44,14.91,557.82,1205.2,269.68,554.18,-93.08,38.69,8015.1,408.33
151.56,1659.96,15.02,558.02,1201.97,269.72,555.96,-93.05,38.69,8002.73,408.3
150.85,1651.41,15.16,557.63,1196.68,269.74,556.53,-93.01,38.81,7979.73,407.73
151.18,1649.86,15.11,558.54,1199.32,269.8,556.55,-92.97,38.74,7987.32,408.3
150.76,1649.57,15.06,558.63,1199.36,269.68,556.47,-92.94,38.74,7978.84,408.68
169.66,1797.5,15.03,558.03,1271.3,270.8,562.28,-93.05,38.8,8048.36,426.4
189.02,1999.3,16.96,559.58,1432.8,277.15,563.63,-92.88,38.75,8107.16,474.68
190.88,2126.73,22.63,557.67,1693.13,289.7,559.58,-91.47,40.73,7691.49,567.17
175.81,1954.41,19.5,557.22,1510.18,284.34,559.79,-92.2,40.79,7624.92,518.41
147.87,1693.26,16.26,554.55,1221.62,273.07,560.17,-92.72,40.36,7640.72,430.77
138.65,1600.04,15.38,556.22,1146.85,270.47,557.23,-92.9,39.47,7780.13,401.21
135.04,1541.49,13.56,552.99,1063.8,263.09,556.27,-93.47,38.31,8016.75,365.7
176.01,1853.14,15.86,562.14,1326.81,273.06,562.83,-92.7,38.18,8093.95,440.66
195.82,2030.86,17.89,564.24,1496.3,279.93,567.36,-92.45,38.73,8153.86,494.66
214.72,2213.96,19.35,564.53,1673.82,286.36,568.02,-92.21,39.36,8111.18,551.23
151.32,1673.71,16.59,554.04,1263.73,274.98,559.66,-90.08,40.17,7589.25,440.73
142.42,1606.21,15.61,553.42,1190.24,271.06,558.18,-92.04,39.3,7696.43,411.2
185.13,2039.85,18.55,562.59,1490.63,280.51,558.82,-92.56,39.3,8162.39,491.67
176.11,1952.66,18.25,564.53,1432.92,279.85,562.28,-93.08,39.84,8061.86,481.14
158.8,1816.95,17.65,563.86,1330.15,276.82,563.01,-92.36,39.94,7948.09,452.46
145.02,1661.29,17.11,560.61,1269.47,272.49,561.47,-92.43,38.56,7905.68,422.38
159.5,1746.66,16.07,553.78,1262.19,272.67,553.22,-92.54,39.6,7976.34,428.2
157.95,1728.79,16.05,556.87,1260.14,272.54,552.46,-92.55,39.72,7918.2,427.67
158.36,1726.29,15.99,556.14,1266.8,272.53,553.11,-92.56,39.5,7926.04,428.08
158.51,1727.13,15.69,556.86,1266.95,272.53,554.45,-92.57,39.48,7962.58,428.32
158.29,1723.87,15.65,555.65,1264.63,272.39,555.28,-92.58,39.46,7972.87,427.68
158.39,1728.25,15.78,555.51,1263.65,272.29,556.33,-92.6,39.47,7971.74,427.86
157.33,1718.07,15.7,555.13,1259.17,272.31,558,-92.61,39.59,7969.11,427.62
157.83,1716.54,15.71,555.52,1262.87,272.38,556.34,-92.62,39.48,7951.5,427.65
158.18,1727.18,15.62,556.81,1265.8,272.35,556.03,-92.63,39.4,7964.96,428.51
158.45,1730.5,15.69,557.1,1262.7,272.4,557.37,-92.64,39.44,7974.19,428.67
158.15,1726.63,15.52,557.04,1260.41,272.34,558.61,-92.65,39.49,7956.92,428.3
157.55,1721.5,15.75,555.01,1266.06,272.44,557.21,-92.68,39.4,7994.3,428.37
149.61,1675.81,15.47,554.52,1226.94,271.89,556.25,-92.69,40,7971.39,421.89
174.04,1857.35,16.16,556.75,1333.09,274.89,558.96,-92.56,39.63,7996.02,450.43
191.41,1995.06,17.62,561.58,1481.57,279.3,562.71,-92.45,39.14,7954.39,490.12
209.02,2168.22,19.62,562.35,1626.56,285.53,563.77,-92.33,40.1,8084.94,541.53
228.11,2366.24,21.56,561.77,1815.99,291.04,560.65,-93.05,40.3,7904.98,594.91
238.31,2538.22,23.6,561.11,1952.97,295.36,561.82,-92.06,40.86,7887.29,637.14
201.98,2282.31,24.25,558.29,1800.8,294.34,561.38,-91.95,41.94,7676.62,606.57
182.4,2054.42,21.73,556.03,1617.03,288.79,557.74,-91.67,41.75,7556.19,551.7
165.8,1848.04,19.25,553.81,1437.51,282.58,555.86,-92.12,41.68,7558.78,498.41
165.66,1798.22,16.73,556.13,1350.66,276.51,562.85,-92.36,39.94,7762.49,460.91
166.94,1819.09,16.85,555.89,1354.89,276.59,562.7,-92.48,39.84,7863.65,460.64
144.51,1650.93,15.82,557.82,1205.13,271.59,555.66,-92.64,39.88,7769.75,416.01
144.3,1661.44,15.86,557.4,1190.49,270.99,558.17,-92.88,40.07,7902.16,412.95
159.2,1776.83,16.12,552.15,1255.36,272.15,561.17,-93.17,40.07,8275.23,428.88
158.01,1765.49,16,553.93,1257,272.33,555.78,-93.15,39.85,7866.69,429.03
158.22,1755.07,15.77,557.14,1247.68,272.13,557.78,-93.13,40.03,7895.53,428.68
159.1,1755.46,15.7,558.21,1248.75,272.2,560.39,-93.11,39.88,7867.61,428.79
156.75,1730.5,15.74,558.34,1249.06,271.83,561.21,-93.06,39.79,7915.71,428.71
157.35,1728.06,15.88,557.9,1253.66,272.14,559.5,-93.04,39.72,7899.17,428.79
158.01,1731.21,16.03,557.9,1258.36,272.24,559.73,-93.01,39.56,7915.77,428.97
158.31,1731.17,15.76,557.98,1262.99,272.11,559.95,-92.99,39.45,7943.68,429.16
159.33,1730.25,15.69,556.38,1267.04,272.36,557.45,-92.97,39.33,7969.75,428.24
156.73,1722.94,15.66,554.29,1249.74,272.26,564.56,-92.94,39.72,7988.57,427.84
166.6,1737.48,15.06,555.62,1259.78,269.43,562.36,-92.88,38.43,8127.97,417.29
176,1874.96,16.41,557.76,1351.91,275.44,560.3,-92.83,39.59,8182.17,454.96
172.09,1864.14,17.22,560.82,1355.56,276.54,559.7,-92.78,40.03,7972.92,460.02
169.05,1805.69,17.4,562.5,1343.14,276.43,560.47,-92.68,40.14,7856.03,458.38
155.82,1724.77,17.49,558.98,1273.25,275.2,562.02,-93.43,41.01,7860.99,444.75
144.82,1619.84,15.95,556.17,1196.35,272.24,557.54,-92.65,40.11,7699.59,414.06
159.94,1745.86,16.23,551.39,1280.07,273.21,557.69,-91.48,39.58,8215.98,429.58
147.48,1663.74,15.11,552.07,1202.88,270.95,551.18,-93.23,39.48,7969.27,406.49
179.35,1827.71,16.61,559.11,1370.38,275.97,556.45,-91.09,38.95,8188.46,452.28
190.45,1922.76,17.73,558.38,1460.24,279.78,564.91,-91.2,39.36,8107.05,483.2
166.87,1862.23,18.08,558.54,1348.81,278.51,562.19,-90.88,40.37,7861.88,459.38
156.96,1753.72,17.35,557.04,1283.07,274.56,560.4,-90.98,39.61,7819.94,434.1
165.88,1801.5,15.9,555.41,1302.06,273.82,556.26,-91.15,38.86,7996.39,432.58
183.79,1904.84,16.64,556.22,1394.56,276.55,563.24,-91.08,38.7,8072.72,458.09
190.67,2024.95,17.39,556.82,1485.23,281.24,563.74,-91.02,39.69,8159.03,492.98
186.74,2012.28,18.53,554.68,1481,281.56,559.35,-90.95,40.16,7981.87,493.39
188.91,2028.66,18.5,563.08,1478.71,281.53,563.52,-90.88,40,7900.09,494.22
170.72,1928.54,18.59,561.22,1403.62,280.26,563.73,-91.79,40.57,7931.49,477.3
157.65,1773.56,17.49,557.49,1310.08,275.88,558.03,-90.81,39.69,7800.75,441.9
144.01,1685,15.27,555.86,1166.04,270.56,562.21,-91.55,40.09,8279.86,402.97
171.82,1867.49,18.07,560.48,1365.27,278.65,561.83,-91.32,40.49,8100.49,465.16
172.52,1845.05,17.68,561.25,1390.07,278.08,562.59,-90.79,39.59,7820.44,464.06
173.53,1846.01,17.59,561.45,1392.05,278.16,561.85,-90.73,39.41,8011.11,464.17
172.13,1836.6,17.19,560.1,1389.92,278.14,562.08,-90.66,39.53,8021.5,464.28
207.22,2169.1,19.27,562.2,1618.7,285.1,566.04,-91.08,39.37,8193.21,529.59
221.54,2352.53,21.16,561.97,1750.67,289.91,563.64,-90.36,39.87,8059.05,570.65
240.46,2538.38,22.59,564.26,1901.39,294.12,564.22,-90.15,39.9,7963.62,612.94
214.21,2297.73,21.64,564.77,1767.52,291.77,566.45,-89.97,40.44,7809.56,582.89
239.76,2536.8,23.51,565.74,1969.84,296.19,566.01,-89.98,39.96,7906.99,633.81
212.27,2258.14,21.94,558.02,1778.04,291.63,564.29,-90.2,40.5,7821.52,582.44
211.54,2263.94,21.96,558.02,1775.37,291.38,566.36,-90.21,40.83,7854.48,582.95
212.1,2265.66,22.04,559.16,1776.33,291.74,563.41,-90.22,40.39,7847.03,582.17
212.76,2281,22.06,564.81,1781.8,291.79,561.96,-90.23,40.34,7851.36,583.07
210.15,2259.43,21.94,563.36,1766.55,291.66,565.73,-90.25,40.46,7852.89,581.9
211.31,2274.24,21.94,564.99,1776.12,291.55,564.64,-90.26,40.29,7843.74,583.28
210.95,2265.96,21.96,565.05,1764.65,291.63,565.71,-90.27,40.29,7869.78,582.55
210.18,2250.93,22.14,565.05,1756.61,291.65,566.17,-90.29,40.68,7832.74,583.25
211.96,2256.3,21.92,565.42,1774.94,291.79,561.69,-90.29,40.35,7788.99,582.73
214.71,2275.94,21.82,565.42,1775.41,291.8,562.59,-90.3,40.37,7859.07,582.92
212.87,2269.51,22.06,566.07,1765.06,291.68,568.29,-90.31,40.41,7860.78,583.56
212.23,2259.12,22.2,567.1,1760.26,291.85,565.39,-90.32,40.5,7838.31,582.39
212.1,2264.16,22.09,568.31,1763.42,291.63,564.81,-90.33,40.49,7821.19,583.32
208.22,2252.26,22.08,567.34,1742.06,291.46,564.79,-90.34,40.89,7826.47,580.69
159.91,1734.53,16.89,560.85,1338.15,277.71,556.83,-90.74,40.03,7680.11,456.87
149.87,1671.98,15.86,554.94,1252.84,274.34,559.51,-90.93,39.58,7806.95,427.35
182.45,1944.81,16.73,556.95,1407,276.79,562.08,-91.82,38.93,8217.49,463.31
180.2,1949.71,17.81,554.78,1421.47,279.58,557.87,-91.61,40.13,8142.93,476.2
154.39,1668.7,15.45,558.64,1226.56,270.18,557.57,-92.85,39.07,8007.86,413.66
176.38,1823.92,15.93,559.19,1365.38,274.2,561.49,-92.71,38.78,8051.79,450.61
185.68,1992.45,21.67,565.73,1618.53,288.31,564.63,-91.4,41.47,7626.27,552
175.82,1844.96,19.35,564.73,1498.28,283.95,561.48,-92.23,40.8,7646.3,511.56
178.72,1863.86,18.33,564.34,1495.29,282.41,565.8,-92.35,40.45,7739.68,508.88
183.73,1914.64,18.4,564.4,1488.58,282.52,568.91,-92.59,40.72,7808.29,511.32
174.54,1870.38,18.67,563.63,1451.13,282.01,566.47,-92.67,41.2,7745.27,502.44
146.15,1612.25,16.35,558.65,1219.82,272.87,561.46,-92.84,40.72,7577.8,427.46
162.69,1730.07,15.17,555.02,1237.5,270.77,561.42,-93.15,39.81,8105.72,422.43
191.84,1973.24,17.52,559.92,1477.12,279.63,563.79,-93.02,39.82,8078.15,494.35
196.77,2029.6,20.44,563.57,1588.11,285.66,559.01,-92.51,40.84,7746.97,535.51
175.9,1902.99,19.86,560.64,1472.59,283.63,559.61,-92.56,41.68,7758.92,509.6
164.86,1732.45,17.96,557.46,1345.33,279.31,555.48,-92.61,41.03,7573.61,466.37
154.55,1663.98,17.04,557.54,1263.61,274.66,557.22,-92.66,40.42,7652.39,436.45
143.76,1564.71,16.58,554.76,1178.68,270.1,557.43,-92.71,39.76,7767.97,406.52
134.57,1517.06,13.93,555.28,1081.99,265.01,554.83,-93.17,39.1,8046.91,371.74
136.18,1507.77,13.17,558.07,1063.6,262.94,552.71,-93.11,38.49,8094.12,362.04
133.96,1490.01,13.31,555.15,1063.04,262.98,552.55,-93.08,38.47,8083.81,361.82
135.33,1517.92,13.71,554.23,1069.29,262.84,556.58,-93.69,38.02,8080.55,366.22
167.07,1837.51,17.25,560.14,1357.31,276.04,558.85,-93.08,39.29,7918.05,458.31
166.63,1830.51,17.12,561.71,1350.81,276.15,562.68,-93.03,39.53,7934.45,459.48
166.96,1824.12,17.16,562.73,1349.68,276.29,564.02,-92.97,39.47,7898.64,459.39
165.91,1808.28,17.21,562,1343.47,276.29,563.01,-92.86,39.69,7901.46,459.13
167.3,1819.22,17.12,561.06,1352.04,276.36,560.24,-92.81,39.54,7867.03,458.72
167.78,1824.7,17.09,560.81,1354.19,276.44,559.85,-92.75,39.48,7904.79,459.19
168.44,1831.75,17.1,562.9,1353.41,276.49,562.23,-92.64,39.47,7879.99,459.61
166.7,1820.96,17.27,560.38,1349.07,276.54,563.27,-92.59,39.53,7913.51,459
167.51,1819.13,17.17,560.23,1348.48,276.33,562.97,-92.53,39.51,7888.65,458.26
168.43,1823.1,16.93,560.88,1349.71,276.28,563.65,-92.48,39.48,7898.88,458.02
168.87,1808.87,16.99,563.91,1345.5,276.31,566.2,-92.42,39.49,7921.55,458.87
168.4,1799.2,16.85,564.97,1344.64,276.41,564.32,-92.45,39.45,7907.05,458.4
167.96,1791.34,17.05,563.66,1343.02,276.4,563.9,-92.47,39.61,7905.06,457.98
167.6,1794.14,17.01,563.65,1344.12,276.42,564.97,-92.49,39.54,7894.54,458.5
167.46,1785.85,17.17,562.91,1341.52,276.36,564.27,-92.51,39.57,7901.11,457.72
136.57,1510.42,13.57,554.38,1065.25,262.96,558.05,-92.95,38.28,8085.46,365.13
137.45,1512.82,13.59,554.47,1069.54,263.23,557.92,-92.97,38.07,8047.89,364.91
137.64,1518.2,13.6,554.86,1073.72,263.17,558.39,-92.99,38,8090.81,365.48
136.69,1510.27,13.61,554.15,1073.57,263.12,557.29,-93.02,38.03,8123.42,365.07
137.59,1513.97,13.59,554.87,1072.01,263.12,555.93,-93.06,38.06,8124.37,365.26
138.97,1521.37,13.9,554.39,1071.76,262.94,553.49,-93.6,38.1,8067.04,365.88
139.54,1529.38,13.48,555.14,1068.77,262.87,555.8,-93.6,38.19,8050.02,366.31
135.78,1519.12,13.56,554.67,1064.14,262.81,558.45,-93.55,38.46,8031.16,365.98
135.62,1516.81,13.42,554.88,1065.71,262.84,557.94,-93.54,38.34,8045.14,365.88
135.06,1510.85,13.65,554.2,1066.12,262.91,557.05,-93.54,38.44,8032.27,366.19
157.7,1685.67,14.69,557.06,1194.25,269.32,561.34,-92.79,39.02,7956.18,408.03
155.65,1685.24,15.25,559,1209.39,269.88,558.59,-92.78,38.46,8081.13,407.58
152.53,1653.02,15.76,556.21,1201.18,269.73,557.96,-92.77,38.74,8014.59,406.87
150.22,1627.12,15.7,557.6,1193.16,269.54,557.39,-92.76,38.91,7965.99,406.79
152.88,1637.97,15.27,557.53,1199.64,269.52,555.67,-92.75,38.69,8010.76,406.67
153.53,1642.67,15.19,558.3,1194.36,269.66,557.93,-92.74,38.87,7975.01,407.23
152.26,1638.89,15.26,558.12,1194,269.65,559.42,-92.72,38.81,7985.38,406.86
151.25,1633.17,15.43,556.2,1201.56,269.73,557.1,-92.71,38.69,8010.58,406.82
151.67,1641.89,15.42,557.73,1192.26,269.7,557.47,-92.7,38.86,7963.36,406.49
151.91,1641.66,15.25,556.9,1188.73,269.63,560.75,-92.69,39.06,7947.67,406.84
151.93,1645.25,15.22,557.74,1191.12,269.57,562.82,-92.68,38.81,7974.72,407.18
137.52,1510.85,13.46,557.12,1069.21,263.58,556.02,-92.58,38.04,8079.07,364.63
135.87,1502.77,13.26,555.13,1057.86,262.78,555.38,-93.63,38.44,8007.56,364.55
135.23,1498.23,13.41,554.67,1059.22,262.58,555.57,-93.61,38.42,8028.07,364.02
136.44,1502.05,13.5,554.29,1065.99,262.64,553.25,-93.59,38.22,8058.35,364.28
136.7,1502.05,13.35,554.09,1068.49,262.89,552.31,-93.58,38.21,8055.45,364.83
139.28,1501.16,13.45,553.87,1070.58,262.79,556.81,-93.24,38.02,8090.63,364.63
139.29,1498.68,13.59,553.42,1070.34,263.08,556.27,-93.23,38.07,8093.12,364.25
139.53,1501.19,13.45,554.74,1065.05,263.15,557.08,-93.17,38.2,8063.91,364.32
138.71,1498.8,13.63,554.74,1064.74,262.9,555.45,-93.3,38.2,8056.87,363.92
140.19,1520.58,13.74,555.35,1069.84,263.01,555.34,-93.27,38.03,8078.84,364.74
139.89,1510.6,13.51,554.68,1070.35,262.79,557.52,-93.25,38,8081.32,365.16
139.18,1521.25,13.71,553.88,1067.66,263.26,558.52,-93.17,38.15,8040.58,365.9
138.84,1498.91,13.7,552.86,1064.6,263.03,557.63,-93.14,38.18,8035.25,364.83
139.09,1500.54,13.55,553.54,1067.53,263.13,555.32,-93.12,38.1,8061.85,364.42
181.48,1886.37,16.38,560.29,1368.55,273.9,562.96,-92.54,38.08,8194.46,449.31
211.99,2307.39,20.79,560.04,1674.8,286.92,565.21,-92.09,39.55,7934.85,551.66
192.56,2079.05,20.41,561.61,1565.94,284.9,564.16,-91.82,40.25,7780.09,528.84
192.36,2011.95,19.12,561.67,1542.23,283.8,565.62,-91.93,39.91,7833.79,519.83
193.28,2016.1,19.29,562.65,1541.93,283.9,564.11,-91.64,39.87,7835.27,519.61
174.95,1909.41,19.14,560.42,1447.42,282.23,558.5,-92.04,40.78,7652.9,497.82
176.3,1802.29,17.8,557.72,1382.02,277.56,554.53,-92.1,39.22,7902.91,465.11
196.48,1979.22,18.59,561.35,1555.93,281.88,563.7,-91.92,38.55,8087.62,510.5
178.46,1951.45,19.25,556.12,1491.28,283.4,558.42,-92.2,40.52,7679.36,508.14
161.58,1741.24,17.99,551.43,1332.66,277.84,554.21,-92.19,40,7728.06,456.52
179.93,1849.28,17.42,555.89,1407.58,277.84,560.8,-91.97,39.46,7983.21,470.51
168.21,1802.93,17.56,556.37,1349.21,277.12,560.43,-92.06,40.13,7827.9,459.58
152.52,1678,16.77,555.04,1229.75,272.92,557.81,-92.16,40.33,7763.64,425.73
161.52,1715.33,15.35,553.98,1245.27,271.98,563.73,-92.51,39.65,7928.33,425.03
156.4,1671.45,16.1,554.38,1246.48,271.14,562.72,-92.52,38.87,8074.5,418.64
155.29,1647.55,16.18,550.9,1243.08,271.03,556.7,-92.53,39.02,8022.38,417.8
158.25,1665.39,15.74,554.58,1223.53,270.88,564.04,-92.57,39.46,7939.73,418.6
145.14,1590.72,15.29,556.43,1157.05,269.42,560.58,-92.59,39.86,7834.48,401.97
144.81,1537.38,13.87,555.49,1114.86,265.48,558.2,-92.77,38.84,8048.61,380.24
143.01,1535.43,14.12,555.07,1113.54,265.32,557.35,-93.01,38.92,8023.85,380.67
142.56,1527.77,13.92,554.66,1120.75,265.45,555.93,-93.07,38.76,8068.73,380.46
143.56,1536.39,13.96,555.89,1114.06,265.34,557.17,-93.13,38.9,8033.19,380.76
142.61,1536.34,13.96,553.84,1105.53,265.22,558.7,-93.19,39.22,7976.13,380.26
142.51,1535.93,14.04,552.53,1121.29,265.09,556.17,-93.25,38.76,8072.81,380.33
145.32,1554.33,13.82,550.4,1110.95,265.27,553.75,-93.32,39.19,7979.3,380.1
144.21,1554.12,13.96,555.01,1104.84,265.17,564.99,-93.32,39.2,7986.59,381.41
142.04,1538.86,14,553.11,1113.45,265.29,556.58,-93.33,38.97,8017.87,380.33
144.22,1555.53,13.82,553.8,1118.5,265.29,554.41,-93.33,38.87,8029.9,381.16
144.87,1568.39,13.81,554.28,1118.78,265.5,556.21,-93.33,38.85,8026.45,381.89
144.44,1562.68,13.95,554.33,1117.19,265.38,558.08,-93.33,38.86,8042.45,381.14
136.29,1474.74,13.7,554.96,1052.36,262.47,559.2,-93.08,38.46,8084.12,359.96
137.02,1469.24,13.53,553.51,1055.27,262.55,555.99,-92.86,38.46,8081.02,359.9
199.46,1970.56,17.85,556.48,1505.44,279.12,563.46,-92.42,38.91,8149.19,491.93
215.26,2148.05,19.82,556.01,1668.13,285.8,565.87,-92.54,39.96,7971.36,548.21
196.72,2075.34,21.48,555.65,1622.87,287.22,564.87,-91.8,41.22,7727.81,545.06
178.58,1901.7,20.61,555.57,1496.34,283.97,556.98,-91.93,41.65,7610.08,512.2
160.33,1697.44,18.14,551.29,1326.43,278.01,553.75,-92.06,41.4,7609.53,459.67
148.35,1589.94,16.41,550.76,1213.51,272.42,556.54,-92.19,40.5,7748.31,420.74
133.24,1506.7,13.59,556.26,1062.34,264.03,557.83,-92.6,39.21,7993.7,365.62
133.25,1488.69,13.44,556.96,1059.82,262.69,557.33,-92.6,38.47,8138.62,359.65
133.69,1487.93,13.28,556.75,1052.3,262.69,558.61,-92.61,38.71,8077.71,359.87
160.47,1756.09,16.25,552.54,1266.76,273.12,562.45,-92.85,40.04,7839.65,434.05
158.2,1744.66,16.27,552.88,1283.53,273.06,557.25,-92.86,39.68,7950,433.84
160.54,1751.71,16.16,552.63,1283.24,272.95,557.21,-92.87,39.54,7944.46,434
161.15,1745.85,15.65,552.14,1279.45,272.9,560.82,-92.88,39.54,7962.34,433.04
155.79,1693.22,15.55,550.77,1245,271.83,562.71,-92.89,39.66,7935.79,423.86
152.04,1647.22,15.65,551.79,1216.01,270.62,562.15,-92.9,39.54,7944.66,414.82
153.63,1646.7,15.14,552.98,1215.05,270.15,560.57,-92.91,39.28,7972.17,413.67
153.18,1650.87,15.05,552.96,1209.04,270.18,561.62,-92.92,39.37,7953.65,412.84
134.72,1483.76,13.36,556.38,1055.24,263.24,554.81,-92.86,38.67,8083.3,359.78
137.31,1497.56,13.14,555.94,1058.48,262.69,558.52,-92.68,38.27,8160.82,358.68
135.13,1476.1,13.42,555.79,1062.85,262.74,553.1,-92.63,38.32,8155.1,358.57
136.86,1481.26,13.32,554.56,1056.12,262.68,550.32,-92.6,38.66,8080.07,358.76
137.98,1495.63,13.13,555.1,1057.88,262.7,554.69,-92.58,38.6,8103.9,359.49
137.37,1489.42,13.31,555.15,1059.61,262.91,557.69,-92.45,38.37,8127.38,359.7
137.05,1487.99,13.41,554.56,1056.74,262.69,558.82,-92.46,38.45,8117.55,359.4
136.2,1486.39,13.27,554.67,1060.46,262.63,558.77,-92.46,38.33,8146.85,359.37
136.04,1480.89,13.52,554.13,1054.39,262.71,557.45,-92.47,38.56,8091.48,359.44
135.61,1479.3,13.52,554.81,1051.92,262.72,556.51,-92.47,38.68,8069.58,359.29
135.74,1471.92,13.55,555.01,1053.53,262.64,556.11,-92.48,38.68,8071.5,359.7
177.72,1841.2,16.68,556.15,1344.9,274.73,562.39,-92.54,39.51,7991.02,450.62
172.54,1831.95,17.32,554.3,1339.82,276.32,562.01,-92.51,40.29,7843.16,456.55
172.65,1815.93,17.28,556.3,1344.91,276.27,561.19,-92.47,40.11,7875.38,456.92
154.86,1693.36,16.4,557.94,1237.82,273.61,558.16,-92.73,40.72,7732.53,430.34
153.9,1635.03,15.63,559.81,1201.93,270.85,560.7,-92.4,39.47,7948.97,411.96
154.3,1643.24,15.49,555.27,1208.43,270.16,556.96,-92.46,39.33,7971.5,410.97
155.53,1655.99,15.26,557.14,1204.42,270.16,559.47,-92.49,39.48,7942.03,411.96
154.16,1647.23,15.47,556,1202.5,270.16,560.61,-92.53,39.48,7946.44,411.21
153.13,1640.53,15.32,556.18,1203.03,270.08,558.43,-92.56,39.44,7942.21,411.09
154.64,1651.14,15.58,556.03,1209.55,270.12,557.29,-92.59,39.36,7965.66,411.92
166.12,1729.11,15.36,555.99,1260.48,271.57,558.8,-92.74,39.4,7992.47,425.35
164.87,1743.55,16,553.36,1291.46,273.33,555.18,-92.64,39.45,7992.33,433.12
157.3,1705.31,16.26,554.01,1247.69,272.65,555.3,-92.94,40.16,7834.57,427.02
180.92,1818.02,16.37,556.52,1354.23,274.29,562.16,-92.38,38.85,8109.76,447.5
201.04,2003.8,18.05,560.64,1520.91,280.74,564.6,-92.06,39.15,8100.44,500.07
220.77,2206.01,20.06,561.27,1681.92,287.21,564.56,-91.73,39.97,7929.81,554.96
195.29,1980.08,20.51,566.27,1619.74,287.55,563.12,-91.24,40.65,7775.45,545.58
200.02,2014.17,19.86,566.65,1614.04,286.98,568.03,-90.09,40.5,7775.36,545.47
214.71,2157.05,21.42,558.81,1752.82,290.21,567.24,-91.32,40.25,7864.16,578.02
208.18,2108.89,21.13,559.15,1699.44,289.49,564.98,-91.27,40.69,7777.23,566.92
208.15,2102.89,20.94,564.38,1698.46,289.18,569.05,-91.21,40.42,7827.44,566.97
206.6,2090.95,21.02,561.97,1703.19,289.23,567.38,-91.15,40.38,7831.97,566.94
207.01,2096.19,20.94,562.08,1700.34,289.11,566.57,-91.09,40.48,7821.44,566.54
208.89,2105.31,20.67,564.35,1702.86,289.3,568.49,-91.03,40.29,7848.72,567.21
206.86,2087.9,20.87,560.51,1710.13,289.31,566.21,-90.98,40.28,7859.06,566.51
235.42,2379.04,23.64,561.33,1937.07,296.02,567.38,-90.8,40.6,7841.06,630.52
207.09,2214.44,23.75,563,1823.76,295.18,565.82,-90.37,41.38,7688.69,606.9
204.78,2136.8,22.5,564.53,1746.95,291.46,563.56,-90.45,40.97,7758.82,581.67
212.2,2187.91,21.31,565.27,1750.92,291.28,568.54,-89.96,40.91,7809.3,582.41
212.74,2200.69,21.46,565.87,1751.53,290.99,568.48,-90.62,40.74,7794.55,583.35
210.1,2197.58,21.84,565.7,1744.84,291.32,567.26,-90.58,40.9,7773.56,582.01
209.41,2195.22,21.78,566.14,1750.05,291.26,565.72,-90.54,40.78,7790.95,582.2
209.87,2203.43,21.66,565.36,1751.19,291.37,564.48,-90.49,40.77,7783.98,581.95
212.93,2219.25,21.78,566.21,1760.87,291.14,566.57,-90.45,40.65,7806.08,584.56
222.02,2277.71,22.1,565.19,1821.3,292.77,567.47,-90.41,40.54,7833.18,600.22
226.39,2330.72,22.44,565.86,1888.41,294.82,566.67,-91.29,40.74,7828.81,619.05
222.12,2310.08,23.99,564.65,1904.21,295.55,564.14,-90.37,40.9,7794.87,623.41
202.46,2202.41,23.46,562.6,1797.54,294.09,562.02,-90.4,41.78,7611.41,602.13
182.34,1976.81,21.36,562.58,1612.61,288.78,561.43,-90.41,41.57,7631.32,548.13
166.6,1794.73,18.76,563.57,1436.26,282.68,560.51,-90.66,41.39,7630.68,496.64
174.29,1818.65,17.84,564.98,1449.98,280.32,566.35,-90.92,39.61,7976.06,485.34
172.63,1819.88,18.32,564.39,1428.04,280.56,566.22,-90.17,40.14,7862.21,484.46
165.04,1806.37,18.44,567.37,1401.45,280.01,565.66,-91.24,40.34,7835.74,477.59
143.43,1594.11,15.61,560.7,1219.28,272.68,560.52,-91.11,39.53,7933.63,416.1
180.99,1857.23,16.5,557.99,1341.88,273.64,561.54,-91.81,38.17,8147.74,441.6
197.9,2030.36,18.39,565.44,1503.92,279.76,565.58,-91.56,38.14,8210.56,490.51
199.26,2191.29,23.9,562.63,1801.59,293.99,564.37,-91.21,40.96,7684.62,600.04
181.73,2006.05,21.96,556.9,1638.67,289.14,559.78,-91.4,41.25,7593.11,556.21
151.08,1684.56,17.04,552.48,1312.26,277.48,556.44,-91.79,40.21,7700.3,453.42
143.86,1607.89,15.44,552.26,1229.6,272.48,558.83,-91.98,39.52,7852.71,421.93
172.64,1790.6,15.64,560.44,1293.25,271.88,564.76,-92.23,38.29,8125.9,430.6
191.96,1972.04,17.31,560.92,1472.36,277.92,564.08,-91.97,38.17,8208.43,480.88
229.59,2385.96,24.24,564.38,1907.08,295.46,563.47,-91.09,40.63,7788.29,625.01
224.27,2326.13,23.84,562.7,1892.78,295.11,562.45,-91.11,40.71,7770.63,621.33
225.64,2331.48,23.23,563.88,1891.91,295.11,564,-91.13,40.59,7778.9,621.57
224.32,2320.38,23.1,562.04,1893.12,294.96,565.3,-91.15,40.64,7774.44,622.14
225.82,2328.14,23.44,564.27,1884.29,295.07,567.37,-91.17,40.69,7753.71,622.61
190.38,2058.79,21.88,561.23,1627.85,289.12,562.53,-90.81,41.37,7577.32,555.74
175.13,1892.54,19.53,560.18,1483.83,285.67,561.52,-91.41,40.84,7635.68,510.47
138.04,1582.86,15.44,558.76,1160.42,270.42,559.91,-92.01,39.55,7779.46,405.38
230.54,2449.88,24.08,566.01,1993.78,298.35,564.59,-91.11,41.01,7711.03,657.03
231.51,2456.57,24.12,567.05,1995.35,298.39,567.88,-91.06,40.97,7725.62,657.7
232.7,2476.96,24.1,566.76,1998.71,298.28,567.23,-91,40.83,7741.39,657.11
229.68,2458.25,24.37,566.59,1986.87,298.54,566.23,-90.95,41.12,7676.99,657.2
233.81,2486.11,24.06,566.46,2006.99,298.41,568.55,-90.89,40.7,7763.18,658.22
232.51,2460.84,24.19,566.31,2012.72,298.66,565.22,-90.82,40.74,7771.52,657.17
233.41,2473.06,24.21,565.88,2003.26,298.65,568.7,-90.79,40.83,7741.44,658.01
232.06,2466.13,24.36,566.98,2002.9,298.64,566.19,-90.75,40.81,7730.77,657.88
230.27,2478.53,24.09,567.38,1996.56,298.61,567.35,-90.68,40.94,7720.1,657.43
192.96,2139.26,22.78,566.36,1718.79,291.63,566.76,-90.63,41.09,7648.25,580.69
173.38,1929.82,20.7,559.95,1546.08,286.57,560.69,-90.82,40.98,7617.22,528.47
239.72,2411.94,23,562.91,1935.9,294.73,564.57,-90.23,39.63,7981.37,621.13
237.57,2474.31,24.27,565.76,1994.06,298.29,566.97,-89.76,40.5,7795.44,650.05
237.85,2470.44,24.14,567.37,1996.35,298.1,566.41,-89.74,40.42,7807.32,649.92
236.25,2465.47,24.26,567.2,1991.9,298.33,566.8,-89.74,40.53,7799.84,649.3
234.43,2450.45,24.09,567.69,1988.82,298.36,566.6,-89.73,40.6,7792.67,648.99
234.85,2457.16,24.32,566.71,1991.5,298.19,565.57,-89.72,40.56,7785.06,649.52
235.15,2471.21,24.16,566.85,1993.58,298.11,567.01,-89.71,40.59,7790.94,650.69
237.04,2467.29,24.07,563.79,1997.75,298.31,564.19,-89.71,40.51,7790.11,649.24
239.24,2484.18,23.85,564.59,2000.18,298.45,567.82,-89.7,40.38,7817.95,650.05
237.95,2475.73,24,564.3,1995.57,298.13,567.24,-89.7,40.47,7795.5,649.9
237.28,2472.13,24.28,565.07,1991.74,298.01,565.27,-89.69,40.68,7760.76,650.36
239.17,2483.01,24.03,564.74,2002.2,298.4,564.62,-89.69,40.65,7797.92,650.37
238.64,2459.39,24.06,564.03,1998.42,298.33,566.02,-89.68,40.68,7801.74,649.61
237.51,2453.52,23.98,564.89,1998.12,298.26,565.79,-89.68,40.5,7803.73,649.6
237.69,2445.89,24.2,563.35,2005.55,298.55,565.19,-89.67,40.35,7823.36,649.25
239.68,2452.15,23.98,564.99,2018.13,298.17,564.24,-89.67,40.16,7870,649.98
241.51,2455.09,23.92,562.5,2014.05,298.17,565.66,-89.66,40.23,7852.99,650.06
238.49,2440.69,24.17,562.55,2009.09,298.15,567.54,-89.66,40.29,7838.48,650.36
208.2,2176.76,23.32,561.07,1782.31,293.69,563.63,-89.73,41.15,7648.29,595.02
185.64,1957.27,22.49,562.03,1597.47,288.91,563.26,-89.97,40.94,7660.45,541.51
175.78,1886.72,19.57,559.19,1502.95,283.56,558.39,-91.23,40.33,7752.92,508.99
178.68,1908.53,18.86,562.93,1497.23,282.55,565.52,-90.19,40.16,7818.18,507.26
180.19,1930.74,18.93,563.8,1498.81,282.45,565.82,-91.61,40.11,7839.11,507.15
170.05,1881.7,18.85,562.29,1451.48,281.81,566.71,-91.58,40.55,7747.18,497.46
174.29,1863.03,17.91,555.16,1441.16,279.68,562.2,-91.56,39.79,7891.75,484.54
186.64,1997.74,19.26,562.86,1538.64,283.75,563.89,-91.48,40.08,7861.2,516.42
186,1987.18,19.05,563.87,1530.6,283.72,568.63,-91.45,40.02,7859.16,516.05
184.72,1976.27,18.94,565.99,1525.86,283.7,568.88,-91.42,40.04,7837.77,516.43
185.96,1980.6,19.18,565.07,1528.66,283.68,565.88,-91.4,40.13,7842.65,515.88
185.1,1978.45,19.13,566.26,1528.18,283.66,568.77,-91.37,40.07,7857.81,516.26
185.23,1966.1,19.16,564.71,1525.08,284.01,567.54,-91.35,40.17,7836.85,515.52
187.53,1980.57,19.28,566.95,1537.08,283.76,567.34,-91.32,39.95,7886.79,516.6
184.49,1960.33,19.58,566.34,1528.02,283.82,567.34,-91.29,40.11,7839.18,516.39
219.01,2298.47,21.92,564.76,1803.56,290.88,567.61,-91.17,39.78,7952.3,589.01
231.85,2484.74,22.73,561.02,1948.67,294.86,564.57,-90.94,40.24,7873.36,631.53
194.3,2103.61,22.98,559.46,1715.11,291.54,561.44,-90.03,40.97,7664.39,573.77
175.93,1888.15,20.71,557.4,1536.15,285.71,555.6,-90.27,40.91,7663.12,520.6
160.01,1715.01,18.71,555.7,1364.75,280.44,557,-90.5,40.49,7692.27,469.06
235.77,2408.27,21.23,558.83,1878.34,291.21,565.17,-93.68,39.84,7932.14,609.5
217.14,2323.38,23.7,563.41,1880.37,294.84,565.87,-91.69,40.25,7808.7,616.19
220.18,2319.08,23.31,565.25,1879.4,293.98,565.74,-91.71,39.98,7863.05,614.35
220.85,2330.12,23.03,564.5,1874.9,293.98,567.88,-91.73,39.98,7845.91,614.78
217.39,2325.09,23.07,566.24,1858.47,293.89,569.12,-91.75,40.2,7816.41,612.96
232.24,2356.98,22.83,564.33,1918.97,293.7,568.8,-91.49,39.35,7990.37,620.08
189.43,2088.21,22.29,565.78,1665.26,289.95,564.11,-91.75,40.39,7737.9,559.36
178.09,1896.64,20.62,563.29,1522.09,284.3,562.16,-92.05,39.4,7869.25,510.82
182.7,1904.05,18.35,560.97,1524.97,281.46,564.29,-91.35,38.22,8109.27,500.34
221.46,2280.7,20.9,560.07,1779.79,288.58,563.42,-92.31,38.45,8137.67,569.84
237.28,2439.66,21.97,561.41,1922.97,292.69,563.46,-92.12,38.64,8124.47,609.81
215.93,2346.24,23.96,559.49,1919.88,296.99,563.36,-91.15,40.85,7765.37,625.95
199.44,2139.83,22.53,560.93,1695.52,290.6,561.29,-93.26,41.45,7648.05,570.18
178.69,1911.45,21.02,557.9,1525.19,286.25,558.87,-91.17,41.11,7687.57,517.09
159.79,1729.44,18.18,559.15,1354.85,278.94,558.04,-91.42,40.81,7706.76,466.2
152.8,1639.5,16.26,560.15,1266.47,273.9,558.87,-91.68,39.59,7904.25,431.43
142.79,1538.11,15.41,558.8,1171.62,270.34,560.95,-89.97,39.26,7928.59,401.89
222.1,2369.78,24,559.57,1936.91,296.7,560.97,-92.6,41.14,7730.88,633.48
197.87,2133.33,23.07,559.57,1735.53,291.83,561.46,-90.86,41.19,7659.33,580.57
176.56,1799.77,17.36,553.3,1388.87,277.55,556.83,-91.48,39.58,7952.63,464.16
176.98,1797.88,17.34,556.33,1390.9,277.64,555.35,-91.43,39.55,7969.87,463.93
175.25,1790.05,17.4,559.09,1399.8,277.74,554.05,-91.39,39.38,8009.15,464.75
173.63,1785.66,17.61,556.72,1397.36,277.25,553.08,-91.34,39.57,7988.12,463.81
173.7,1789.66,17.53,555.76,1393.67,277.78,556.75,-91.29,39.62,7986.67,463.86
175.86,1785.15,17.3,553.8,1399.34,277.74,556.64,-91.2,39.32,8020.94,463.52
176.63,1803.21,17.18,554.46,1406.52,277.72,557.29,-91.15,39.25,8045.56,464.62
174.32,1795.58,17.3,554.71,1395.98,277.72,558.21,-91.11,39.44,7999.69,464.2
176.83,1804.1,17.45,554.73,1402.73,277.81,556.82,-91.06,39.34,8017.86,464.82
215.95,2126.31,20.11,557.3,1695.24,286.44,562.29,-90.83,39.24,8090.23,546.94
235.59,2309.76,21.89,555.59,1859.11,291.36,561.71,-90.49,39.74,8018.96,595.03
241.65,2428.75,23.42,557.39,1967.93,295.79,561.57,-91.22,40.33,7909.98,631.04
232.52,2377.02,24.26,557.83,1943.46,296.32,559.68,-90.1,40.91,7788.13,630.1
230.72,2345.98,24.26,559.95,1933.8,296.1,560.99,-90.13,40.82,7801.75,628.06
231.37,2352.65,23.91,560.54,1938.59,296.03,562.63,-90.15,40.72,7834.5,628.41
229.33,2342.16,23.95,561.12,1930.21,296.05,565.63,-89.99,40.72,7818.67,628.23
230.07,2335.36,23.96,559.56,1930.29,296.07,564.81,-90.16,40.75,7820.52,627.2
231.15,2347.53,23.57,561.46,1931.36,295.93,567.08,-90.15,40.69,7830.67,628.64
228.46,2324.92,23.75,561.38,1917.63,296.05,567.64,-90.13,40.78,7803.59,626.56
228.17,2319.52,23.94,561.71,1917.31,296.06,565.79,-90.11,40.79,7802.7,625.86
229.55,2328.21,23.81,561.83,1922.92,295.83,565.67,-90.35,40.71,7821.44,626.35
229.46,2323.28,23.83,561.13,1918.83,295.85,566.91,-90.19,40.75,7804.41,626.6
171.54,1816.61,20.42,557.14,1493.61,284.93,557.62,-90.65,41.26,7650.22,509.05
180.01,1862.59,15.34,559.83,1367.59,273.92,560.85,-91.6,38.12,8272.85,444.53
218.53,2283.06,20.45,557.98,1717.82,287.93,565.68,-92.15,39.91,7947.9,563.54
160.55,1764.95,18.19,562.19,1349.19,278.47,556.94,-91.19,40.67,7726.55,463.96
163.37,1740.86,15.97,562.17,1288.14,274.22,566.15,-91.67,39.42,7940.25,439.63
162.38,1742.39,16.14,562,1289.74,274.17,565.79,-91.7,39.41,7943.94,439.63
161.56,1730.2,16.11,559.25,1291.29,274.18,562.76,-91.73,39.45,7924.63,439.56
158.01,1718.47,16.1,558.83,1278.61,273.98,559.76,-91.76,39.77,7880.66,436.87
148.42,1627.66,15.16,558.32,1191.44,270.94,555.97,-91.79,39.85,7838.84,411.25
168.06,1738.13,15.51,555.57,1290.13,271.26,564.32,-91.98,38.68,8132.47,428.33
187.72,1922.28,17.19,556.74,1464.89,278.04,563.68,-91.81,38.46,8210.04,476.89
220.65,2221.57,19.95,556.21,1757.98,288.5,562.26,-91.34,39.72,8019.95,568.56
238.79,2414.69,21.23,558.95,1929.05,293.09,564.47,-91.11,40.2,7937.8,622.07
212.4,2308.61,24.08,564.1,1869.84,296.46,566.68,-89.71,41.49,7675.15,619.83
189.21,2075.3,23.11,564.46,1680,291.22,564.37,-89.95,41.56,7631.76,567.4
172.15,1860.91,20.45,562.58,1503.05,285.37,558.97,-90.2,41.19,7655.39,512.94
155.96,1687.53,17.78,555.98,1342.15,278.92,558.34,-90.44,40.8,7699.21,462.02
160.21,1720.01,15.2,557.77,1253.63,269.87,559.99,-91.86,38.17,8194.25,413.2
155.5,1742.44,16.23,554.56,1267.84,272.75,556.78,-91.86,39.12,8225.77,424.2
146.34,1677.6,15.94,554.97,1221.6,271.81,550.54,-91.86,39.51,8031.49,412.98
174.18,1883.59,17.73,556.61,1412.36,278.28,556.92,-91.94,39.66,8165.5,469.98
172.65,1858.06,17.93,557.76,1406.46,278.16,554.94,-91.64,39.77,7973.74,469.15
171.38,1838.5,18.06,559.38,1403.44,278.36,556.51,-91.61,39.89,7946.87,469.66
171.15,1826.85,17.87,559.07,1402.28,278.43,556.92,-91.57,39.81,7935.65,469.11
171.67,1828.79,17.8,558.24,1407.91,278.35,558.06,-91.54,39.71,7937.38,469.89
172.08,1830.21,17.91,558.47,1402.73,278.28,559.26,-91.5,39.69,7962.92,469.18
179.65,1871.62,17.81,559.73,1441.62,279.22,560.45,-91.46,39.2,7950.34,476.5
195.98,2006.34,19.16,558.64,1583.89,282.58,563.15,-92.15,39.25,8062.77,516.91
209.15,2138.47,19.88,558.63,1678.57,287.13,563.06,-91.4,39.77,8081.22,549.53
205.79,2154.34,20.95,559.19,1683.61,288.8,565.13,-91.38,40.47,7972.77,557.78
204.11,2117.93,21.31,559.49,1680.01,288.55,562.05,-91.37,40.54,7838.73,556.23
202.85,2095.29,21.31,561.4,1673.48,288.26,562.31,-91.35,40.56,7830.7,556.03
204.55,2092.92,21.03,561.1,1675.4,288.33,562.71,-91.34,40.42,7819.57,555.84
205.11,2098.26,21.03,562.12,1672.09,288.1,566.63,-91.32,40.58,7831.52,556.43
203.54,2090.77,21.13,563.12,1671.04,288.38,566.56,-91.3,40.44,7835.14,556.01
186.97,2001.2,20.8,561.93,1589.79,287.07,562.86,-91.29,41.07,7841.32,536.92
166.59,1799.11,19.21,560.04,1411.91,281.42,559.41,-91.85,41.02,7712.85,485.1
153.13,1658.32,17.86,556.81,1286.39,275.78,558.17,-91.37,40.27,7666.4,441.15
151.71,1614.64,16.64,557.86,1265.8,274.04,556.29,-91.49,39.27,7787.4,426.41
154.55,1663.05,16.11,558.13,1272.76,272.75,557.84,-91.61,38.99,7984.79,426.71
156.63,1696.33,15.99,556.71,1273.95,272.72,562.49,-90.82,38.87,8041.73,427.69
153.7,1696.92,15.82,556.82,1261.44,272.57,562.06,-91.8,38.95,8052.7,425.44
142.57,1612.29,15.4,554.76,1176.12,269.74,557.68,-91.83,39.21,8014.08,400.06
152.82,1685.61,14.95,562.91,1227.03,270.76,562.55,-91.86,38.49,7989.4,411.74
154.8,1690.63,15.24,562.57,1236.38,271.16,564.25,-91.81,38.41,8129.29,414.01
153.43,1680.34,15.73,561.96,1228.4,271.11,565.43,-91.76,38.58,8147.18,412.97
151.92,1663.62,15.78,560.73,1229.79,270.96,563.38,-91.71,38.47,8114.49,412.24
152.11,1657.05,15.77,561.44,1231.64,270.99,559.87,-91.66,38.5,8121.13,412.51
151.59,1654.61,15.47,560.11,1215.99,271.04,561.08,-91.61,39.1,8117.3,412.72
152.85,1665.16,15.36,561.69,1228.53,271.25,560.42,-91.5,38.68,8052.51,413.52
152.83,1661.14,15.39,560.16,1226.99,271.29,560.11,-91.45,38.8,8072.06,413.51
152.66,1654.13,15.41,560.28,1224.36,271.31,559.97,-91.4,38.95,8048.64,412.8
152.69,1658.71,15.35,561.2,1223.02,271.05,561.38,-91.35,38.91,8041.26,412.68
152.86,1659.15,15.41,561.14,1221.99,271.09,563.12,-91.3,38.85,8048.42,412.45
153.71,1663.97,15.34,560.93,1224.11,271.12,564.13,-91.25,38.79,8061.51,412.39
143.18,1612.03,15.23,560.47,1173.82,270.23,563.14,-91.19,39.36,8082.35,401.96
172.57,1870.08,18.37,566.83,1429.93,280.75,567.72,-91.49,40.5,7870.87,487.95
152.07,1653.18,16.2,561.81,1248.64,272.94,561.17,-91.56,39.53,7689.11,424.99
154.02,1663.65,15.74,561.13,1248.87,272.23,565.48,-91.57,39.18,7943.86,423.68
158.86,1694.39,15.71,557.56,1263.99,272.24,564.23,-91.6,38.99,8013.26,424.95
214.61,2177.33,20.13,559.24,1692.9,287.17,566.06,-91.36,39.65,7982.8,553.36
220.77,2337.08,23.24,562.04,1842.66,293.27,565.53,-92.14,40.69,7877.83,604.09
215.29,2271.6,23.63,559.28,1839.53,293.29,562.53,-90.88,40.84,7822.33,603.18
212.45,2255.24,23.37,560.25,1826.25,293.22,564.33,-90.95,40.95,7786.68,602.42
189.82,2098.75,22.88,554.2,1690.49,290.55,561.55,-91.01,41.52,7758,568.43
191.13,1973.64,17.74,562.23,1500.45,279.73,564.03,-90.91,38.45,8277.22,484.69
208.67,2138.01,19.78,560.79,1650.38,286.28,564.22,-91,39.83,8261.24,540.65
207.07,2108.63,21,564.94,1687.94,289.37,565.06,-90.4,40.55,7844.13,561.16
195.12,2051.65,21.03,560.1,1648.25,288.75,564.04,-90.44,40.95,7823.64,551.68
188.33,1961.09,19.92,561.58,1573.72,286.48,563.44,-89.69,40.39,7748.01,526.49
166.79,1784.75,18.51,558.75,1399.19,281.43,562.08,-90.54,41.08,7828.21,482.26
168.69,1714.31,16.41,559.7,1328.18,275.01,562.75,-90.93,38.52,7812.23,439.94
191.9,1946.74,16.92,562.8,1507.28,280.6,570.09,-90.66,38.49,8141.12,493.02
199.13,2108.34,17.93,560.28,1623.27,286.85,569.31,-91.03,40.2,8183.31,539.97
173.38,1936.14,19.41,556.61,1476.93,284.25,563.92,-90.41,41.14,7888.72,504.83
175.84,1820.06,16.28,555.05,1365.13,274.45,561.57,-91.48,38.57,8259.98,446.04
187.24,1948.79,17.72,556.58,1470.78,279.76,560.4,-91.24,39.25,8187.38,482.49
177.28,1885.12,18.73,556.39,1428.95,280.46,565.67,-91.23,40.44,8082.82,484.04
166.28,1817.55,18.26,561.89,1390.62,279.53,563.17,-91.29,40.76,7945.08,475.49
152.73,1622.85,15.32,553.88,1230.86,271.78,562.13,-91.33,39.2,7787.5,416.59
169.72,1894.2,19.47,561.7,1461,282.91,556.27,-91.7,41.2,7813.76,499.23
156.66,1723.1,17.63,561.38,1335.01,277.45,557.14,-91.85,40.22,7676.16,456
144.82,1640.58,16.25,561.24,1230.59,272.91,558.99,-92,40.06,7805.58,425.39
131.72,1495.8,13.51,553.01,1067.97,262.76,550.54,-92.37,38.27,7972.48,359.03
134.48,1510.45,13.27,551.81,1065.04,263.05,553.34,-92.33,38.47,8153.09,359.79
157.25,1729.51,16.02,551.02,1290.52,272.87,553.6,-91.81,38.9,8116.74,426.89
159.05,1739.49,15.96,555.52,1278.12,272.66,557.76,-91.66,38.93,8100.84,426.17
157.64,1731.15,15.9,557.17,1276.66,272.77,559.63,-91.62,38.91,8081.97,426.43
156.8,1719.98,16.08,556.4,1270.93,272.32,558.54,-91.57,39.01,8078.13,425.73
156.96,1720.95,16.1,558.51,1281.13,272.87,556.72,-91.52,38.8,8041.98,425.98
157.14,1716.91,16.06,557.5,1280.42,272.87,556.66,-91.47,38.84,8103.1,426
157.87,1722.67,16.03,554.51,1273.66,272.74,558.43,-91.42,39.03,8092.91,425.47
158.02,1723.68,16.28,555.04,1276.82,272.83,559.5,-91.37,38.93,8054.82,426.13
165.68,1819.74,16.93,555.59,1349.49,276.7,561,-91.23,39.78,8170,454
167.62,1818.07,17.04,556.02,1356.64,276.7,560.83,-91.18,39.65,7935.41,453.7
166.45,1803.01,17.04,556.14,1354.94,276.7,563.99,-91.13,39.61,7987.29,454.45
167.41,1802.46,16.83,557.45,1358.31,276.81,562.16,-91.04,39.5,7960.31,453.55
167.37,1802.62,16.75,557.85,1357.73,276.76,563.34,-90.93,39.43,8025.52,453.72
166.94,1803.9,16.99,558.87,1359.46,276.45,562.75,-90.83,39.35,8018.05,454.02
169.52,1811.39,17.08,558.49,1368.96,276.83,560.98,-90.73,39.2,8027.18,454.06
185.31,1914.08,17.65,564.12,1472.64,279.22,565.5,-90.64,38.5,8069.19,479.61
204.88,2098.87,19.08,561.57,1636.41,284.96,567.64,-91.42,39.08,8221.93,529.97
203.83,2246.51,23.65,566.59,1784.67,294.08,565.02,-89.7,41.41,7728.12,594.69
164.2,1799.72,19.36,558.2,1440.04,282.69,559.16,-90.13,41.1,7656.88,491.73
167.11,1732.63,15.34,555.38,1278.53,271.15,565.02,-91.12,38.3,8192.42,420.56
166.6,1821.94,16.5,553.33,1333.43,275.07,564.82,-90.87,39.25,8211.72,445.37
164.01,1809.31,16.88,551.85,1336.35,275.5,563.39,-90.8,39.07,8040.58,443.15
160.89,1786.88,16.6,550.05,1324.55,275.3,559.17,-90.73,39.2,8085.52,439.5
148.03,1675.68,15.59,551.02,1223.11,272.33,557.34,-91.1,39.54,8050.83,413.93
135.7,1527.84,13.5,554.29,1074.18,263.58,556.44,-91.12,38,8205.94,359.98
176.09,1858.68,16.38,560.47,1380.44,274.61,561.55,-92.51,38.35,8243.24,451.68
195.54,2028.7,17.87,561.78,1543.72,281.2,565.22,-92.28,38.94,8220.71,504.76
199.09,2122.6,19.53,560.44,1602.65,285.83,564.7,-92.04,40.67,8136.91,538.89
201.2,2120.23,20.45,563.79,1636.35,286.65,566.18,-92.97,40.35,7794.32,545.27
196.87,2071.35,20.67,565.4,1635.85,287.08,564.81,-91.69,40.47,7830.99,546.42
196.57,2063.08,20.68,565.02,1632.81,287.16,565.9,-91.67,40.36,7836.57,545.79
186.28,2018.17,20.4,566.19,1590.23,286.54,566.93,-91.65,40.69,7834.81,536.98
165.76,1814.5,18.98,561.37,1414.61,281.67,561.15,-91.91,40.9,7775.18,487
152.81,1668.64,17.19,558.26,1281.69,276.1,560.57,-91.69,40.32,7674.29,443.29
142.3,1592.72,15.88,558.93,1202.85,271.45,558.81,-91.84,39.62,7742.02,413.29
156.32,1746.26,16.03,560.5,1256.71,272.12,559.53,-92.15,39.31,8019.5,424.16
156.45,1736.73,16.13,563.84,1248.93,272.01,560.72,-92.12,39.36,8016.71,423.64
155.52,1723.16,16.11,563.49,1243.25,272.07,563.05,-92.1,39.46,7996.71,423.57
155.14,1709.4,16.06,563.39,1242.76,272.26,563.94,-92.08,39.46,7967.91,423.64
149.7,1695.1,16.08,563.95,1217.54,271.97,563.88,-93.46,39.8,7969.08,419.21
136.52,1538.08,13.59,554.26,1066.62,263.32,561.92,-91.85,38.19,8182.75,360.41
135.66,1531.52,13.57,555.92,1065.52,263.37,564.72,-91.83,38.07,8168.88,360.54
133.71,1511.64,13.79,556.09,1066.01,263.25,560.89,-91.81,38.11,8184.48,360.02
164.65,1772.31,16.07,556.15,1289.73,272.25,563.5,-94.67,38.6,8253.09,424.75
161.15,1782.82,16.49,554.69,1293.25,274.04,561.69,-91.21,39.42,8180.86,434.04
159.05,1762.86,16.4,555.65,1286.42,273.93,558.95,-91.19,39.47,8008.4,432.76
146.53,1660.48,16.05,556.71,1201.53,271.48,558.01,-91.17,39.65,7980.04,409.06
156.4,1661.62,15.43,562.62,1217.55,268.91,564.39,-91.14,38.05,8096.82,402.22
192.65,1995.67,17.88,557.78,1517.68,280.02,564.85,-90.93,38.86,8279.6,494.25
197.18,2124.74,20.49,558.04,1626.12,286.79,561.56,-91.45,40.41,7966.89,536.8
197.09,2095.86,20.44,560.85,1622.49,286.63,560.1,-90.39,40.16,7895.63,535.41
196.71,2085.2,20.31,563.14,1613.84,286.47,563.7,-90.43,40.2,7907.8,535.82
194.55,2061.28,20.51,565.08,1608.34,286.63,565.97,-90.46,40.26,7882.65,535.86
164.66,1806.29,18.74,562.96,1391.09,280.97,559.09,-90.21,40.84,7785.07,476.82
152.93,1672.13,17.33,562.84,1273.18,275.49,560.76,-90.7,40.13,7714.27,436.94
141.93,1583,15.95,561.92,1187.28,271.13,561.75,-90.88,39.52,7832.71,407.33
183.57,1928.51,17.2,560.44,1442.54,277.21,564.29,-92.47,38.87,8088.18,474.37
201.56,2097.09,18.24,561.56,1598.25,283.2,561.89,-92.2,39.5,8157.16,523.36
219.96,2301.66,20.98,562.78,1757.24,288.64,566.14,-91.92,39.72,8048.3,571.45
236.81,2501.77,22.49,564.76,1933.71,293.91,566.4,-91.64,40.16,8014.55,623.98
182.24,1974.61,21.13,558.01,1604.02,288.42,559.38,-91.29,41.18,7643.84,540.75
190.66,1992.99,19.35,557.86,1596.36,284.9,563.15,-90.96,40.13,7692.01,529.86
215.98,2244.01,21.62,561.15,1787.22,289.31,564.56,-91.52,39.51,7961.21,577.8
216.08,2324.15,24.08,563.49,1891.3,296.67,564.51,-91.14,41.93,7724.32,630.86
175.11,1888.53,22.44,564.75,1520.74,285.33,561.68,-91.61,41.61,7582.41,523.36
197.7,2045.84,18.31,557.13,1543.8,281.53,563.16,-90.99,38.89,8269.6,500.63
229.82,2389.75,21.35,562.13,1853.23,292.37,562.45,-90.32,40.06,7984.55,598.67
147.07,1643.74,15.55,553.86,1229.43,272.37,560.17,-90.76,39.11,7883.47,415.72
171.5,1855.43,17.08,552.25,1380.37,277.32,562.46,-90.61,39.42,8020.2,459.18
170.66,1852.31,17.43,555.98,1378.1,277.5,564.22,-90.6,39.55,8018.29,459.64
168.72,1835.84,17.41,558.61,1372.33,277.52,563.01,-90.59,39.61,8019.37,458.87
169.4,1839.85,17.28,562.73,1372.19,277.5,563.12,-90.59,39.43,7998.18,459.06
175.59,1870.62,17.54,565.78,1408.87,278.1,566.23,-90.58,38.84,8018.87,465.44
206.96,2194.64,21.6,554.47,1726.7,289.96,567.91,-90.01,40.37,7945.3,566.51
204.57,2174.48,21.6,557.7,1718.49,289.92,566.96,-90.02,40.37,7886.49,566.74
207.39,2184.78,21.44,559.51,1723.67,290.01,564.25,-90.02,40.3,7854.08,566.55
206.9,2170.79,21.47,560.7,1714.1,289.91,566.1,-90.02,40.43,7874.64,566.17
207.11,2176.93,21.56,563.97,1719.75,289.86,565.21,-90.03,40.35,7847.71,566.85
205.93,2167.43,21.69,564.46,1720.82,289.95,564.76,-90.03,40.35,7876.29,566.73
204.84,2156.73,21.84,561.03,1717.47,290,563.22,-90.03,40.51,7886.87,566.3
206.2,2160.47,21.71,560.58,1726.75,290.09,561.23,-90.04,40.27,7845.17,566.05
205.54,2162.75,21.57,560.03,1730.44,290.1,563.78,-90.04,40.19,7876.86,567.2
205.74,2158.25,21.56,558.89,1724.56,289.93,563.42,-90.05,40.33,7892.25,566.23
207.15,2175.69,21.44,560.45,1729.49,289.96,566.07,-90.05,40.13,7891.65,566.54
204.94,2165.97,21.63,562.54,1739.63,290,562.04,-90.06,39.95,7918.2,566.52
200.32,2147.39,21.62,560.92,1717.89,289.64,560.99,-90.06,40.29,7946,562.94
176.55,1959.48,20.9,557.53,1547.33,285.99,561.83,-89.76,40.69,7878.89,519.44
157.36,1735.4,20.06,555.81,1359.73,281.11,558.28,-90.3,40.8,7762.01,466.42
153.38,1646.37,16.42,552.66,1279.04,274.17,553.07,-90.54,39.57,7704.72,431.31
156.75,1679.89,15.86,551.86,1290.24,273.4,555.04,-89.6,38.75,7919.08,427.93
163.69,1801.51,16.99,551.5,1341.86,275.6,554.79,-90.91,39.3,8128.78,443.55
163.63,1791.33,16.87,552.32,1342.58,275.46,553.33,-90.91,39.22,8055.68,443.26
164.88,1791.95,17.16,550.71,1340.29,275.48,554.8,-90.91,39.24,8062.25,443.78
165.19,1796.71,16.63,551.29,1338.12,275.37,557.29,-90.91,39.33,8039.39,444.09
164.74,1792.88,16.73,552.52,1337.1,275.42,557.7,-90.91,39.35,8042.1,444.11
164.31,1790.67,16.59,554.1,1336.71,275.54,556.44,-90.91,39.3,8047.85,444.01
163.97,1787.51,16.85,554.84,1338.25,275.38,554.85,-90.91,39.27,8042.53,444.13
164.57,1790.13,16.85,554.59,1339.09,275.25,554.56,-90.91,39.29,8040.4,444.24
163.33,1784.51,16.77,554.17,1333.38,275.43,555.37,-90.9,39.41,8042.42,443.9
163.09,1776.9,16.72,554.15,1331.56,275.21,555.32,-90.9,39.38,8018.96,443.25
162.87,1773.31,16.82,553.86,1328.48,275.22,554.99,-90.9,39.42,8020.56,442.49
198.19,2106.47,19.36,553.91,1616.21,285.41,560.53,-90.74,39.99,8166,530.92
215.24,2217.92,20.3,554.98,1724.04,288.05,563.36,-90.53,39.51,7946.44,557.47
233.71,2411.45,22.27,557.11,1892.82,293.02,562.53,-90.32,39.81,8040.46,606.98
218.49,2419.27,24.35,566.55,1906.3,297.06,566.39,-90.35,41.37,7775.46,630.97
178.05,1902.41,19.21,564.88,1520.14,283.65,563.97,-90.7,40.23,7686.37,510.91
159.97,1777.34,17.61,557.38,1376.45,279.73,558.77,-90.92,40.59,7863.72,470.42
155.35,1670.81,15.46,553.81,1276.13,273.18,559.77,-91.35,38.52,7942.01,423.23
150.48,1663.36,15.47,551.99,1245.94,272.06,563.66,-91.37,39.07,8139.78,420.28
195.99,2021.3,17.49,551.09,1556.09,280.48,563.09,-90.95,38.39,8280.68,498.09
188.51,1959.8,18.75,552.54,1557.29,283.27,562.25,-90.56,39.59,7834.01,510.95
188.24,1968.94,19.11,552.18,1552.41,283.67,564,-90.65,39.7,8012.28,510.57
187.37,1980.89,19.21,555.68,1543.62,283.45,562.66,-90.77,39.88,7968.36,510.24
187.55,1988.89,19.38,557.18,1544.21,283.39,563.36,-90.76,39.75,7958.42,510.33
175.48,1925.82,19.01,557.32,1481.5,282.56,563,-90.75,40.43,7975.58,497.83
195.26,1987.09,18.6,558.49,1576.08,282.3,565.24,-90.81,38.69,7943.14,509.54
195.56,2073.33,19.83,552.92,1611.23,286.01,567.1,-90.72,40.33,8208.57,533.48
193.1,2041.9,20.07,556.83,1595.89,285.63,566.44,-90.66,40.26,7897.68,528.98
193.39,2045.69,20,559.03,1602.81,285.6,565.84,-90.63,40.14,7911.59,529.93
190.92,2037.05,20.11,560.68,1594.66,285.73,566.32,-90.6,40.22,7940.61,529.13
190.39,2029.25,19.88,560.31,1596.13,285.59,563.79,-90.57,40.24,7918.85,528.68
191.9,2037.59,20.19,561.5,1602.88,285.68,563.33,-90.54,40.13,7915.17,529.07
192.72,2036.2,20.11,559.73,1602.84,285.79,563.55,-90.48,40.12,7909.28,529.36
191.75,2035.5,19.99,559.84,1596.37,285.82,565.28,-90.45,40.26,7937.5,529.48
192.86,2039.42,19.99,560.86,1601.78,285.78,563.44,-90.39,40.16,7907.45,529.28
192.66,2037.5,19.98,559.22,1599.56,285.76,564.36,-92.74,40.24,7933.33,529.52
190.73,2028.64,20.19,560.89,1592.72,285.78,564.4,-90.34,40.36,7915.98,529.35
191.99,2035.13,20.11,560.31,1596.7,285.7,562.29,-90.32,40.26,7893.6,528.72
192.44,2033.57,19.99,559.54,1599.4,285.83,564.27,-90.3,40.21,7908.17,529.51
196.73,2149.11,21.25,559.37,1679.06,289.89,562.12,-90.55,41.11,7994.46,559.37
184.15,1993.12,20.36,559.54,1573.18,285.82,562,-90.24,40.39,7749.68,524.08
166,1861.15,19.05,555.18,1429.93,281.56,558.61,-90.4,40.79,7851.61,486.17
159.45,1790.19,17.75,553.86,1353.72,277.53,556.05,-90.57,39.86,7733.43,455.6
148.94,1710.8,17.37,553.69,1257.41,273.76,555.28,-90.74,39.53,7888.94,424.99
202.87,2120.21,20.95,563.37,1687.32,289.08,561.39,-90.08,40.3,7836.08,556.42
196.74,2094.62,23.49,562.82,1712.63,291.41,563.31,-90.54,41.43,7670.46,575.84
200.23,2047.73,21.11,564.88,1678,288.45,560.82,-90.63,40.29,7644.99,555.71
205.92,2085.61,20.42,563.65,1673.25,288.47,565.18,-90.71,40.25,7852.81,556.59
207.13,2104.39,20.47,559.32,1673.76,288.42,567.13,-90.37,40.45,7836.6,557.11
219.12,2227.46,22,557.05,1783.77,291.5,562.4,-90.74,40.37,7962.53,583.7
217.35,2207.09,22.36,556.75,1781.81,291.39,560.5,-90.7,40.48,7845.51,583.24
216.77,2201.72,22.31,557.49,1780.61,291.32,560.28,-90.67,40.51,7830.36,582.95
218.28,2210.89,22.17,557.85,1782.35,291.31,562.59,-90.64,40.43,7831.65,583.38
218.9,2210.33,22.08,557.64,1784.94,291.52,565.57,-90.6,40.19,7847.65,583.65
217.59,2197.38,22.05,559.32,1782.83,291.46,563.69,-90.57,40.21,7876.32,583.12
192.5,2023.95,21.39,557.07,1624.54,288.23,559.89,-92.21,40.77,7860.12,543.2
203.47,2016.08,20.24,557.88,1640.63,286.33,560.73,-90.43,39.64,7729.67,537.93
220.95,2225.76,21.73,556.71,1788.21,291.79,564.45,-90.35,40.34,7916.6,584.81
219.42,2200.88,22.26,558.46,1784.3,291.73,563.37,-90.31,40.31,7864.02,583
217.72,2194.22,22.33,563.26,1788.61,291.74,561.26,-90.24,40.06,7891.77,583.35
218.6,2194.83,22.23,562.66,1789.97,291.72,562.12,-91.09,40.07,7891.8,583.24
218.96,2193.06,22.3,562.92,1790.14,291.69,563.04,-90.16,40.06,7900.1,583.71
218.91,2190.98,22.23,562.88,1782.87,291.62,562.05,-90.15,40.12,7905,583.41
218.43,2181.05,22.16,562.68,1783.26,291.74,562.23,-90.14,40.29,7867.79,583.45
218.76,2176.3,22.26,562.64,1774.93,291.81,561.63,-90.13,40.41,7873.51,582.8
217.16,2175.21,22.06,562.95,1771.88,291.55,563.28,-90.11,40.52,7839.08,583.1
215.51,2168.66,22.26,564.07,1764.78,291.61,563.42,-90.1,40.62,7831.84,582.33
218.3,2187.03,21.89,564.82,1774.68,291.53,563.31,-90.09,40.49,7815.57,582.67
217.75,2185.4,21.92,563.49,1772.81,291.67,566.39,-90.08,40.41,7862.43,582.59
217.12,2183.51,21.81,565.39,1769.37,291.7,566.51,-90.07,40.37,7866.53,582.93
215.03,2177.4,22.34,564.15,1773.38,291.67,564.74,-90.06,40.36,7855.48,582.81
214.32,2171.15,22.25,563.55,1778.03,291.62,563.65,-90.04,40.27,7855.7,583.14
215.84,2174.85,21.92,563.24,1772.81,291.69,563.2,-90.03,40.4,7863.25,582.26
217.17,2186.7,21.95,562.85,1779.78,291.58,565.21,-90.02,40.31,7850.11,582.86
216.86,2182.55,22.05,562.53,1771.48,291.67,566.03,-90.01,40.27,7885.56,582.68
215.73,2179.2,22.06,563.61,1773.86,291.49,565.28,-90,40.3,7848.17,583.08
217.07,2185.83,22.07,564.08,1775.09,291.81,564.15,-89.99,40.26,7858,583.14
215.92,2181.68,22.05,563.54,1774.93,291.84,565.78,-89.97,40.49,7853.99,583.43
216,2178.01,21.93,563.39,1769.49,291.83,565.01,-89.96,40.45,7862.31,582.81
216.12,2176.64,22.14,564.14,1771.68,291.78,565.09,-89.95,40.42,7835.22,583.41
215.57,2171.53,22.06,562.28,1767.67,291.74,564.34,-89.94,40.56,7841.08,582.02
216.1,2178.68,21.96,563.03,1771.69,291.76,564.48,-89.93,40.4,7827.61,582.71
215.57,2175.36,21.99,562.56,1772.69,291.93,565.3,-89.92,40.42,7843.49,583.13
217.58,2189.92,21.89,563.08,1775.41,291.48,565.61,-89.9,40.36,7817.38,583.27
217.41,2188.09,21.93,562.78,1774.69,291.74,565.78,-89.95,40.25,7859.09,583
215.56,2181.49,22.2,562.48,1769.32,291.65,565.1,-90,40.5,7861.95,582.69
216.53,2195.54,22.11,559.97,1778.86,291.66,562.99,-90.04,40.33,7836.02,582.82
157.59,1703.99,18.37,550.76,1320,277.98,555.83,-90.32,40.21,7699.71,449.52
148.97,1633.93,16.08,551.12,1233.04,272.74,559.48,-90.57,39.25,7783.03,417.14
215.67,2223.79,19.1,562.57,1717.64,288.43,566.71,-92.12,39.98,8125.23,564.97
235.45,2393.7,21.98,562.16,1881.3,293.11,561.91,-91.86,40.23,7973.43,609.58
209.16,2218.72,23.58,563.56,1815.28,294.81,565.53,-91.11,41.78,7699.41,609.02
213.98,2206.08,20.38,555.78,1690.62,287.72,562.64,-91.6,40.14,8061.9,557.08
224.13,2315.28,23.78,564.94,1889.23,295.17,565.61,-90.81,40.93,7793.04,622.1
234.66,2423.11,23.32,559,2011.13,295.87,564.97,-90.36,41.11,7777.11,634.47
232.47,2402.24,23.07,559.02,2010.52,295.04,564.73,-90.42,41.11,7777.11,627.62
230.28,2381.38,22.81,559.03,2009.92,294.22,564.48,-90.48,41.11,7777.11,620.78
228.09,2360.51,22.55,559.05,2009.32,293.39,564.24,-90.54,41.11,7777.11,613.94
223.71,2318.77,22.04,559.08,2008.11,291.74,563.76,-90.66,41.11,7777.11,600.25
221.52,2297.91,21.79,559.09,2007.51,290.92,563.52,-90.72,41.11,7777.11,593.41
219.32,2277.04,21.53,559.11,2006.9,290.09,563.28,-90.78,41.11,7777.11,586.57
217.13,2256.17,21.28,559.12,2006.3,289.27,563.04,-90.85,41.11,7777.11,579.73
214.94,2235.31,21.02,559.14,2005.7,288.44,562.79,-90.91,41.11,7777.11,572.88
212.75,2214.44,20.77,559.15,2005.09,287.62,562.55,-90.97,41.11,7777.11,566.04
210.56,2193.57,20.51,559.16,2004.49,286.79,562.31,-91.03,41.11,7777.11,559.2
206.18,2151.84,20,559.19,2003.28,285.15,561.83,-91.15,41.11,7777.11,545.51
217.21,2243.51,21.12,560.94,1730.69,288.07,567.69,-92.2,39.19,8112.8,562.93
228.16,2453.12,24.29,565.58,1955.58,297.62,566.58,-89.54,40.95,7821.65,638.2
229.94,2431.86,24.36,565.92,1948.65,296.88,566.7,-89.55,40.96,7756.72,634.72
230.48,2440.33,24.19,565.43,1950.25,296.89,567.24,-89.56,40.73,7813.97,635.34
229.22,2432.89,24.17,565.53,1945.92,296.81,566.41,-89.57,40.65,7809.4,635.06
229.63,2435.17,24.13,565.78,1947.64,296.87,566.27,-89.58,40.65,7854.74,634.53
229.62,2438.73,24.15,565.35,1952.05,296.86,567.22,-89.59,40.67,7828.49,635.18
229.12,2435.24,24.05,564.84,1949.29,296.9,566.39,-89.6,40.67,7850.64,635.14
229.83,2437.87,24.12,563.72,1947.13,296.89,564.38,-89.61,40.9,7840.73,634.72
231.71,2444.68,23.99,564.16,1954.77,296.87,564.63,-89.62,40.9,7793.9,635.06
228.74,2422.48,24.25,563.31,1952.84,296.84,565.59,-89.63,40.86,7820.6,634.5
224.46,2411.04,24.37,563.66,1954.61,296.78,567.66,-89.64,40.8,7824.56,634.72
226.76,2428.23,24.02,562.01,1965.78,296.86,561.73,-89.65,40.95,7835.28,634.27
232.75,2471.06,24.06,561.62,1978.56,296.76,562.55,-89.66,40.57,7846.74,635.52
229.6,2437.46,24.07,558.61,1957.81,296.86,566.52,-89.66,40.88,7868.48,634.89
230.5,2447.47,24.15,560.74,1966.38,296.83,564.2,-89.67,40.57,7806.19,634.77
231.16,2454.2,24.17,564.44,1957.46,296.75,566.05,-89.73,40.54,7892.32,635.87
132.45,1486.59,14.1,555.37,1046.89,263.27,560.04,-92.98,39.23,7943.68,363.77
133.53,1476.87,14.14,556.42,1045.71,262.2,556.93,-93.03,38.81,7973.43,359.3
196.21,2114.36,20.91,561.53,1634.04,287.14,563.17,-91.09,40.52,7883.64,545.04
199.49,2117.69,20.79,563.69,1644.33,287.19,565.73,-90.96,40.52,7824.38,546.78
221.52,2283.37,21.42,565.7,1808.22,290.63,568.49,-90.84,40.4,7802.67,586.9
210.38,2300.26,22.82,561.8,1797.38,292.86,564.43,-90.71,40.3,7877.22,595.64
228.19,2353.85,23.05,563.39,1900.92,293.25,564.67,-92.17,40.22,7905.11,609.75
202.44,2206.83,23.47,559.95,1785.3,293.15,561.4,-90.16,41.35,7752.36,592.05
210.41,2209.31,21.53,564.37,1760.39,291.29,565.03,-89.82,40.75,7722.12,582.06
211.12,2215.39,21.67,564.68,1758.65,291.28,567.41,-90.47,40.73,7797.68,582.4
210.29,2223.83,21.98,567.63,1763.91,291.28,567.71,-90.47,40.42,7800.9,582.62
207.07,2198.37,22.05,563.48,1756.61,291.27,564.22,-90.47,40.53,7862.45,582.03
210.88,2230.94,21.6,563.79,1763.42,291.27,565.38,-90.47,40.56,7790.74,582.69
209.97,2222.41,21.54,563.88,1757.82,291.34,566.27,-90.47,40.65,7832.39,582.28
210.61,2223.29,21.96,566.72,1768.37,291.45,566.34,-90.47,40.68,7823.42,583.23
209.94,2218.68,21.91,566.46,1773.9,291.46,563.41,-90.47,40.49,7874.92,582.42
199.36,2156.4,21.71,561.54,1716.89,290.59,566.11,-90.47,40.79,7869.85,571.16
193.53,2057.12,20.36,561.33,1624.04,287.83,562.6,-90.51,41.09,7825.47,539.63
174.82,1925.68,19.45,560.34,1499.59,284.46,564.06,-90.6,40.39,7730.46,510.75
145.26,1607.1,15.18,560.54,1188.56,270.7,557.09,-91.23,39.33,7779.84,403.1
159.25,1715.7,14.96,560.06,1226.51,269.03,560.54,-92.04,38.43,8120.81,409.5
179.05,1884.13,16.48,560.46,1383.77,274.84,563.21,-92.44,38.75,8163.14,454.34
199.18,2163.5,20.87,564.15,1619.12,287.62,562.72,-91.88,40.43,8055.15,547.88
198.71,2104.75,20.69,565.26,1610.56,286.61,563.22,-91.29,40.8,7839.75,541.02
222.76,2310.93,21.27,563.39,1781.93,290.71,566.06,-91.13,40.46,7855.37,588.28
180.57,1871.43,19.14,559.36,1511.97,282.85,565.41,-91.09,41.28,7587.68,509.57
181.63,1914.62,18.73,564.25,1530.41,282.83,564.49,-91.62,40.43,7640.36,510.54
184.27,1955.49,18.68,563.85,1533.28,282.95,561.68,-91.66,40.06,7813.89,510.75
183.87,1957.92,18.71,560.37,1518.7,283.1,567.83,-91.69,39.96,7908.51,510.42
183.69,1958.72,18.83,562.07,1522.97,283.03,567.3,-91.72,40.26,7912,510.71
182.38,1960.51,18.75,564.16,1515.22,282.95,567.89,-91.84,39.74,7924.02,510.54
165.3,1860.2,18.62,562.42,1422.78,281.12,560.7,-91.87,40.35,7906.79,487.22
156.11,1693.1,15.95,560.96,1271.18,272.85,562.39,-91.94,39.96,7711.92,428.15
178.47,1852.57,16.77,565.19,1419.95,275.99,567.33,-91.9,39.7,7871.66,463.74
223.8,2392.1,21.82,558.33,1871.15,293.37,563.46,-92.15,40.12,8003.81,612.34
215.89,2397.6,23.91,563.04,1929.01,297.09,566.23,-91.14,41.41,7735.31,637.58
193.04,2156.53,23,561.05,1737.1,292.51,564.76,-90.8,41.75,7738.71,585.78
174.81,1939.32,21.5,559.14,1553.83,286.26,561.03,-91.39,41.84,7650.88,531.66
177.94,1909.04,18.45,557.45,1500.15,282.1,565.86,-91.28,40.67,7633.3,504.84
178.92,1931.95,18.55,557.07,1499.79,282.24,567.11,-91.82,40.24,7773.95,505.6
178.62,1940.3,18.31,558.9,1497.23,282.26,567.46,-91.78,40.4,7881.41,505.74
178.94,1943.7,18.66,560.2,1497.09,282.29,565.59,-91.74,40.47,7857.11,505.3
178.69,1944.78,18.72,561.77,1495.68,282.31,565.34,-91.7,40.44,7839.47,505.59
179.22,1950.26,18.68,563.68,1490.27,282.33,565.55,-91.67,40.61,7845.61,505.42
178.63,1945.4,18.7,566.36,1482.52,281.77,566.42,-91.59,40.16,7854.46,504.16
178.27,1942.71,18.65,565.59,1487.36,282.32,564.7,-91.55,40.2,7904.22,504.01
178.32,1948.19,18.6,565.48,1490.44,282.25,564.56,-91.51,40.26,7914.71,504.31
179.27,1954.45,18.78,565.74,1489.73,282.22,564.86,-91.47,40.39,7881.03,504.07
179.14,1954.19,18.57,566.9,1486.73,282.32,567.29,-91.43,40.01,7856.78,504.04
189.43,2017.63,18.98,567,1554,283.17,569.33,-91.39,39.43,7928.81,515.72
198.06,2098.73,20.41,564.11,1662.01,288.11,568.41,-90.5,40.02,7873.46,552.6
200.05,2108.69,21.03,566.29,1664.1,288.28,565.47,-90.48,40.27,7862.3,552.38
198.89,2098.06,20.92,565.22,1658.09,288.31,566.84,-90.48,40.1,7844.47,552.4
199.53,2099,20.98,565.68,1658.21,288.28,565.68,-90.47,40.35,7905.63,551.9
199.73,2101.98,20.89,565.63,1659.89,288.23,566.74,-90.47,40.28,7849.68,552.26
200.47,2101.06,20.85,564.93,1658.54,288.26,566.83,-90.47,40.43,7887.72,551.95
199.83,2099.79,20.92,565.29,1657.93,288.29,566.83,-90.46,40.49,7874.69,552.29
201.74,2110.42,20.88,565.86,1657.64,288.32,565.2,-90.46,40.5,7817.96,551.97
201.01,2106.03,20.98,567.18,1654.85,288.02,568.68,-90.46,40.43,7805.37,552.81
201.23,2105.91,21.05,567.06,1658.36,288.32,566.17,-90.45,40.44,7818.65,551.86
201.65,2114.78,21.25,567.69,1665.46,288.45,566.63,-90.45,40.36,7825.93,552.91
199.2,2097.5,21.13,565.62,1658.06,288.43,566.75,-90.45,40.42,7872.44,552.36
201.87,2113.15,20.8,565.08,1666.01,288.37,562.82,-90.44,40.62,7875.59,551.99
202.81,2121.84,20.85,564.58,1667.25,288.42,566.34,-90.44,40.17,7777.08,552.63
200.38,2104.96,21.03,563.37,1659.69,288.25,566.67,-90.44,40.05,7855.97,551.89
201.35,2107.71,20.78,564.13,1677.39,288.15,565.29,-90.43,39.96,7892.3,552.31
203.96,2121.93,20.64,563.33,1674.13,288.1,563.16,-90.43,40.09,7943.2,552.39
186.05,1991.57,19.5,564.49,1545.73,284.99,567,-90.51,39.66,7813.43,519.65
167.08,1797.62,18.2,559.4,1375.5,279.75,561.26,-90.67,40.49,7927.11,469.61
156.78,1698.85,16.55,558.33,1275.7,275.06,559.05,-90.83,39.99,7763.21,436.21
146.63,1604.73,15.4,560.73,1181.37,271.41,557.4,-90.98,39.54,7741.76,406.17
158.88,1686.58,14.76,558.72,1200.5,268.45,559.13,-92.43,39.4,8117.17,403.14
153.73,1678.14,15.41,557.1,1205.71,269.91,553.68,-92.41,39.54,7936.4,408.67
155.79,1682.89,15.17,559.79,1207.5,270.02,555.95,-92.4,39.64,8026.91,409.53
159.16,1686.71,14.53,555.65,1204.03,267.21,560.94,-92.19,38.33,8193.91,395.79
180.16,1890.74,16.4,555.03,1381.71,274.96,565.97,-91.87,38.72,8052.96,453.35
200.64,2069.46,18.1,552.79,1555.59,281.54,567.28,-91.55,38.7,8246.69,506.8
215.69,2248.12,20.24,554.73,1700.09,287.65,565.88,-92.74,39.33,8068.03,557.21
231.4,2376.35,22.19,558.08,1836.41,291.39,564.78,-90.9,39.51,8003.13,592.65
240.49,2521.74,23.1,560.89,1962.03,294.09,564.39,-90.57,39.84,7999.04,634.51
219.38,2408.99,24.04,560.21,1922.81,296.98,565.33,-90.24,40.95,7743.07,629.69
208.77,2188.98,22.17,561.04,1780.63,291.28,563.63,-89.99,40.29,7845.26,582.35
215.77,2244.29,21.92,558.96,1799.08,291.34,561.32,-90.21,39.98,7910.67,582.83
212.43,2219.25,22.16,558.52,1773.13,291.38,567.1,-90.22,39.89,7948.17,582.68
213.2,2220.34,22.09,561.74,1778.28,291.35,565.04,-90.22,40.02,7932.74,582.48
212.43,2214.29,22.1,561.88,1774.4,291.41,565.45,-90.23,40.22,7864.88,582.19
211.22,2207.87,22.09,562.97,1772.24,291.31,564.18,-90.23,40.34,7865.55,582.4
213.03,2222.09,21.91,564.29,1787.01,291.39,560.03,-90.24,40.31,7875.72,582.22
212.64,2218.35,21.93,562.47,1780.83,291.26,564.8,-90.24,40.29,7866.94,582.74
211.75,2207.27,22.15,562.12,1774.75,291.44,565.93,-90.24,40.36,7883.12,582.11
211.25,2204.49,22.07,562.66,1773.78,291.4,564.87,-90.25,40.05,7936.61,581.69
211.15,2204.32,22.01,563.38,1774.3,291.37,565.75,-90.25,40.09,7912.91,581.98
211.2,2201.83,22.02,563.1,1771.89,291.63,565.58,-90.26,40.21,7897.4,581.77
211.35,2208.43,22.17,563.37,1775.9,291.36,565.73,-90.26,40.33,7877.36,582.47
209.96,2199.95,22.17,563.24,1761.38,291.4,566.31,-90.26,40.46,7852.17,581.98
187.93,2057.03,21.6,560.68,1635.96,289.02,562.28,-89.85,39.64,7738.66,552.28
178.85,1892.83,19.94,560.04,1505.17,283.89,559.42,-90.27,40.93,7687.52,507.89
184.92,1913.62,18.61,561.98,1518.1,282.81,566.31,-90.31,40.38,7844.83,505.77
198.96,2037.17,19.36,561.56,1614.07,285.14,567.91,-90.25,39.36,8033.69,531.09
216.74,2212.18,20.91,563.07,1759.79,289.44,564.94,-90.3,39.24,8085.58,570.63
214.18,2253.95,22.04,562.66,1781.22,291.82,563.47,-90.21,40.49,7889.69,583.53
210.49,2214.82,22.51,566.7,1769.33,291.59,565.45,-90.04,40.35,7856.78,583.16
211,2202.08,22.09,564.34,1772.56,291.56,565.04,-90.03,40.61,7852.27,582.26
210.52,2199.26,22.06,563.44,1769.25,291.49,566.77,-90.02,40.73,7869.46,582.43
196.85,2055.93,20.76,564.64,1643.01,287.23,562.65,-89.64,40.33,7892.22,540.6
195.51,2064.07,20.36,564.75,1641.54,287.12,566.07,-89.99,39.91,7945.33,541.8
196.61,2067.26,20.32,561.61,1642.77,287.14,564.3,-90.01,39.85,7929.89,540.97
197.61,2082.34,20.28,561.84,1646.68,287.16,564.22,-90.02,39.94,7934.14,541.86
198.95,2086.11,20.32,560.12,1643.23,287.18,563.87,-90.04,39.99,7906.95,541.67
205.04,2116.32,20.37,562.72,1667.11,287.2,564.07,-90.06,39.79,7895.84,546.71
223.56,2283.11,21.88,564.65,1810.24,290.88,567.75,-89.64,39.65,8018.59,586.04
239.8,2487.3,23.56,565.65,1974.64,296.16,565.06,-89.88,39.51,8004.17,635.16
233.02,2536.27,24.28,566.23,2009.68,298.86,566.62,-89.68,40.64,7782.51,655.14
233.86,2529.66,24.3,567.16,2007.96,298.74,567.64,-89.71,40.93,7781.34,655.53
234.44,2513.94,24.19,564.38,2035.63,298.67,561.59,-89.92,40.62,7835.66,654.42
234.81,2524.73,24.05,564.43,2021.35,298.81,566.56,-89.96,40.64,7849.07,656.24
185.92,2016.17,21.32,558.6,1606.62,287.94,557.88,-90.41,41.57,7647.49,542.62
191.89,2017.55,19.53,560.31,1595.67,285.5,564.46,-90.14,40.38,7847.76,531.33
193.81,2040.79,19.8,562.48,1599.37,285.55,565.25,-90.92,40.01,7887.56,531.47
193.89,2047.72,19.49,563.92,1608,285.62,561.78,-90.95,39.85,7880.48,531.84
193.84,2044.2,19.84,562.98,1602.9,285.69,564.16,-90.99,39.99,7900.05,531.84
193.14,2034.48,19.81,563.08,1597.7,285.63,566.41,-91.02,40.03,7896.71,531.36
193.05,2033.45,19.89,563.74,1597.62,285.57,565.72,-91.06,40.04,7914.25,531.53
186.63,2005.88,19.87,563.62,1568.62,285.76,565.34,-91.09,40.13,7901.69,526.33
172.27,1851.32,18.53,560.44,1432.59,280.99,559.77,-91.12,40.95,7689.56,486.84
174.73,1837.37,17.86,562.91,1423.26,279.5,561.93,-91.16,39.9,7863.28,479.9
213.54,2229.09,20.83,560.89,1728.13,288.59,566.9,-90.87,39.28,8062.63,565.22
234.43,2431.97,22.39,561.9,1907.72,293.35,566.9,-90.61,39.3,8010.14,613.66
235.61,2557.41,24.11,562.45,2003.51,298.3,566.98,-90.18,41.1,7769.98,654.68
235.68,2559.25,24.03,562.58,2015.05,298.35,566.8,-90.16,41.15,7793.45,655.49
234.41,2556.42,24.05,564.9,2002.35,298.16,568.78,-90.15,41.27,7813.23,656
235.28,2556.85,23.99,567.17,1998.22,298.35,566.49,-90.14,40.98,7774.11,654.79
235.51,2552.32,24,568.04,2004.81,298.47,568.76,-90.13,41,7758.97,656.66
232.11,2518.33,24.24,565.93,2016.08,298.55,565.12,-90.12,41.09,7805.89,655.56
233.24,2509.54,24.02,563.94,2013.8,298.42,564.57,-90.11,40.91,7781.15,654.71
235.23,2531.66,23.82,562.1,2022.58,298.82,567.23,-90.1,40.95,7810.42,656.09
233.05,2522.56,24.15,561.59,2014.45,298.6,567.69,-90.09,40.92,7784.92,655.74
232.71,2516.01,24.26,561.42,2014.26,298.53,564.55,-90.08,40.86,7772.3,655.03
233.61,2528.79,24.13,560.43,2019.12,298.44,566.92,-90.07,41.16,7775.36,656.25
234.15,2531.28,24.18,560.61,2012.35,298.44,566.96,-90.06,41.16,7747.58,655.45
234.69,2536.92,24.21,560.91,2006.87,298.44,567.69,-90.05,41.1,7750.36,655.58
233.96,2539.1,24.22,562.43,2005.21,298.45,568.58,-90.04,41.1,7743.64,655.43
232.48,2521.39,24.08,565.57,1996.33,298.51,564.59,-90.01,40.97,7750.19,654.11
234.1,2537.6,24.02,565.29,2015.51,298.61,566.83,-90,40.94,7799.85,656.69
231.22,2510.11,24.29,564.99,2003.22,298.61,566.44,-89.99,40.96,7763.82,655.34
233.05,2519.99,23.9,563.79,2015.66,298.68,564.68,-89.98,40.9,7798.86,654.29
234.72,2532.56,23.8,564.44,2007.13,298.32,568.47,-89.97,40.92,7802.14,655.63
235.46,2540.83,23.89,563.64,2004.42,298.38,567.04,-89.96,41.06,7765.56,655.84
238.76,2542.01,24.06,562.84,2014.28,298.56,563.8,-89.95,40.9,7791.83,654.04
240.64,2561.43,24.07,562.34,2023.98,298.55,565.79,-89.94,40.74,7828.13,656.85
237.72,2537.29,24.07,564.94,2016.17,298.9,565.93,-89.91,40.88,7800.39,655.42
236.68,2521.79,24.11,564,2011.68,298.68,567.67,-89.88,40.67,7799.35,654.88
237.07,2521.59,24.04,564.6,2015.97,298.62,569.18,-89.87,40.75,7807.32,655.81
236.51,2510,24.05,567.17,1996.22,298.53,566.68,-89.83,40.44,7749.36,654.66
181.37,2040.32,21.64,563.66,1625.34,288.88,557.68,-89.8,41.06,7718.62,544.91
165.24,1778.21,16.76,553.77,1395.52,277.39,554.33,-90.63,38.71,8105.2,457.42
145.66,1644.79,15.52,550.03,1223.08,271.66,555.3,-90.81,39.48,7917.07,410.96
140.48,1569.39,14.88,555.34,1158.86,267.78,552.07,-90.37,38.99,8020.68,385.26
160.88,1755.29,15.6,557.2,1257.72,270.49,559.24,-89.77,38.17,8235.67,413.65
157.07,1766.09,16,551.74,1272.58,272.83,554.53,-91.03,38.76,8132.1,423.47
157.89,1760.11,15.97,552.22,1278.57,272.75,553.06,-90.97,39,8068.39,423.64
156.48,1740.33,15.87,552.52,1272.72,272.75,556.3,-90.91,39.02,8051.87,423.7
165.79,1783.14,16.22,553.04,1314.87,273.23,557.86,-90.85,38.49,8158.88,431.21
203.47,2124.61,18.85,562.12,1625.39,284.22,563.67,-90.66,38.75,8198.95,525.9
204.7,2319.16,23.48,562.88,1806.91,294.73,563.36,-89.94,41.57,7656.07,602.91
228,2338.33,22.65,566.91,1854.14,292.71,567.52,-89.89,40.04,7904.92,602.84
186.47,2037.18,22.4,562.03,1643.9,289.01,557.9,-90.15,41.03,7710.69,548.44
191.83,1996.08,19.97,560.58,1614.27,285.91,560.26,-90.32,40.76,7794.68,530.69
195.14,2043.82,19.71,559.59,1606.96,285.73,565.41,-90.63,39.85,7945.22,531.55
195.72,2054.56,19.85,562.42,1602,285.77,564.49,-90.69,39.79,7927.73,531.56
195.64,2057.68,19.98,563.42,1604.24,285.7,563.71,-90.76,39.89,7926.62,531.44
174.62,1926.56,18.85,563.38,1490.73,283.54,559.19,-90.82,40.41,7843.57,503.06
158.23,1709.65,16.91,561.78,1290.59,274.05,560.63,-90.97,39.5,7898.23,433.28
175.65,1807.6,16.76,561.07,1388.29,275.72,564.96,-90.87,38.96,8049.95,454.12
212.67,2175.01,19.88,562.01,1673,286.52,568.14,-90.69,39.22,8081.25,547.83
233.39,2482.32,23.65,565.35,1929.48,295.61,563.56,-92.09,40.16,7929.92,627.57
229.36,2460.59,24.18,564.54,1933.22,296.2,562.01,-89.87,40.71,7819.17,629.23
227.92,2437.7,24.01,564.39,1938.8,296.17,561.87,-89.87,40.6,7816.82,628.5
141.56,1569.48,13.98,554.23,1097.82,265.81,564.28,-91.06,38.47,8127.09,372.48
222.31,2293.76,23.91,566.44,1859.52,295.07,566.85,-90.04,40.79,7767.41,609.63
223.05,2277.52,23.31,563.6,1851.27,293.83,565.82,-90.19,40.83,7864.14,606.98
217.14,2260.92,22.83,566.02,1804.84,293.26,564.77,-90.33,40.72,7836.95,598.04
175.22,1836.92,19.53,562.05,1451.24,282.54,561.88,-90.62,41.03,7714.82,495.97
181.85,1806.4,17.69,560.29,1446.68,279.61,557.57,-90.76,40.6,7800.03,478.76
172.29,1806.85,17.35,559.95,1392.55,278.95,560.22,-90.9,39.34,7979.04,469.81
160.67,1708.48,16.56,558.41,1287.1,274.92,561.95,-91.04,39.95,7815.96,436.86
155.5,1646.71,15.9,559.56,1240.4,271.61,561.45,-91.19,39.71,7946.76,416.62
159.9,1684.46,15.17,560.15,1242.02,271.26,560.22,-91.32,38.73,8108.58,415.93
161.27,1699.74,15.19,559.3,1238.29,271.23,562.18,-91.29,38.68,8090.7,416.15
158.77,1684.02,15.56,559.21,1229.87,271.38,563.18,-91.26,38.85,8063.15,416.29
157.61,1671.5,15.61,559.35,1227.03,271.31,559.76,-91.23,39.12,8015.37,415.4
158.92,1678.84,15.36,559.31,1231.82,271.43,557.35,-91.21,39.26,7986.1,415.17
174.9,1760.53,15.74,560.16,1306.4,272.44,559.46,-91.18,39.15,8016.96,429.38
195.32,1933.65,17.12,562.92,1464.13,278.41,567.18,-91.76,38.76,8249.64,480.66
233.86,2363,23.83,557.19,1923.17,296.47,564.46,-90.13,41.2,7671.59,628.72
236.2,2354.98,23.69,559.87,1920.87,295.64,566.48,-90.16,40.76,7827.98,625.47
238.87,2387,23.72,557.91,1934.35,295.7,565.59,-90.18,40.6,7867.15,625.73
239.54,2399.18,23.79,558.9,1931.28,295.71,567.09,-90.21,40.88,7869.82,626.32
238.1,2391.7,24.08,561.28,1921.78,295.73,566.33,-90.24,40.67,7833.79,625.55
236.18,2384.96,24.11,562.08,1917.98,295.58,564.5,-90.27,40.91,7806.75,625.55
189.9,2010.76,22.1,559.28,1604.11,287.66,560.32,-90.42,41.13,7693.58,539.31
189.24,1883.26,19.04,552.04,1526.64,283.15,556.47,-90.48,40.76,7757.01,504.7
159.47,1664.47,16.86,551.14,1287.12,274.06,551.04,-91.15,39.5,7970.19,430.66
162.91,1680.84,15.73,552.89,1261.85,272.17,560.08,-91.18,38.49,8112.98,420
164.06,1693.59,15.89,552.47,1260.21,272.09,558.83,-91.2,38.48,8115.39,419.37
175.47,1760.05,15.96,556.73,1315.32,273.01,561.72,-91.42,38.05,8172.6,430.68
189,1917.3,18.43,557.29,1456.13,280.71,559.38,-90.71,40.06,7929.99,484.87
199.1,1965.23,18.63,563.23,1514.82,281.38,561.59,-90.56,39.84,7965.6,495.55
219.2,2140.24,20.54,561.14,1687.14,286.53,565.36,-91.63,39.34,8083.15,544.99
240.77,2354.76,21.83,559.63,1865.37,291.81,565.47,-90.16,39.46,8087.65,597.56
236.65,2405.99,22.52,557.66,1895.91,294.81,563.34,-90.2,40.36,7871.29,614.22
234.54,2369.35,23.5,563.13,1881.69,294.77,565.74,-89.77,40.68,7835.04,613.63
233.4,2351.19,23.53,563.19,1883.58,294.86,566.27,-89.76,41.09,7861.73,613.4
233.15,2352.74,23.6,564.04,1884.42,294.58,566.29,-89.76,40.55,7841.27,613.71
230.89,2346.81,23.27,566.09,1878.23,294.93,567.41,-89.76,40.56,7843.51,614.04
229.3,2335.34,23.71,564.85,1877.09,294.86,565.24,-89.76,40.51,7844.33,613.14
231.1,2343.88,23.71,564.12,1886.13,294.94,564.6,-89.76,40.58,7860.23,613.51
229.71,2348.79,23.45,564.58,1877.04,294.91,567.95,-89.76,40.61,7849.21,613.94
209.04,2224.68,22.99,563.65,1777.6,293.48,566.42,-89.85,40.71,7782.23,592.49
198.88,2059.83,21.98,561.7,1660.7,289.27,562.11,-89.86,40.81,7706.17,552.52
204.09,2063.28,20.51,560.36,1666.24,288.27,562.99,-89.8,40.28,7877.3,550.38
207.88,2093.1,20.52,558.74,1673.68,288.3,564.6,-90.09,40.35,7890.34,551.29
208.09,2093.34,20.83,559.76,1670.61,288.32,566.18,-90.12,40.18,7927.65,551.72
205.83,2090.35,21.01,562.24,1662.29,288.17,564.17,-90.16,40.43,7848.23,550.67
163.6,1731.81,18.67,558.34,1357.32,279.16,555.84,-90.24,40.38,7744.05,464.27
154.12,1641.95,16.64,557.92,1267.93,274.57,557.38,-90.44,40.14,7868.92,431.79
144.62,1550.61,14.95,554.37,1184.55,270.42,555.03,-90.13,39.57,7916.69,401.09
137.03,1550.34,14.02,555.99,1070.08,263.09,561.38,-93.58,38.02,8079.7,366.82
135.89,1542.82,13.78,555.51,1065.02,263.11,559.06,-93.58,38.28,8032.86,366.05
136.36,1549.18,13.77,557.01,1067.02,263.15,559.27,-93.58,38.05,8085.09,366.12
135.99,1543.29,13.76,556.31,1062.51,263.01,559.6,-93.58,38.09,8076.13,365.99
136.18,1543.59,13.75,556.69,1061.48,263.08,559.86,-93.58,38.22,8034.47,366.02
136.31,1535.68,14.06,556.34,1064.02,263.1,559.8,-93.58,38.19,8055.72,365.9
136.62,1535.9,13.73,556.67,1070.58,263.53,559.44,-93.58,38.29,8039.99,366.79
135.94,1530.68,13.73,556.22,1062.42,263.96,558.98,-93.58,38.26,8025.3,366.12
135.64,1530.72,13.72,557.85,1060.96,263.99,558.79,-93.58,38.19,7991.15,366.07
136.45,1532.85,13.52,557.14,1060.27,263.81,558.48,-93.58,38.51,7999.14,365.96
138.16,1550.93,13.96,559.18,1068.36,263.71,559.66,-93.58,38.45,8040.08,366.38
136.97,1540.52,13.63,558.1,1061.58,263.56,554.84,-93.6,38.29,8008.26,365.93
137.68,1554.81,13.43,558.38,1063.19,263.53,555.73,-93.6,38.15,8042.72,366.62
137.41,1549.82,13.45,558.49,1062.56,263.5,557.44,-93.61,38.52,7990.67,366.86
137.81,1543.17,13.41,559.11,1059.97,262.81,560.71,-93.59,38.23,8025.01,366.26
137.6,1542.68,13.33,559.4,1059.35,262.67,561.17,-93.58,38.21,8074.02,366.11
137.92,1537.83,13.43,558.06,1059.66,262.79,560.23,-93.57,38.25,8038.06,365.73
170.72,1813.47,15.23,560.34,1262.59,270.07,566.67,-94.16,38.3,8042.4,423.92
192.04,2018.16,16.82,560.56,1448.99,276.97,567.69,-93.34,38.31,8167.77,476.87
209.73,2211.69,18.14,559.61,1615.31,283.71,565.51,-93.06,38.46,8122.99,533.17
216.86,2364.73,23.89,562.53,1888.92,296.44,563.66,-90.6,41.1,7707.76,624.71
194.26,2122.66,22.47,560.55,1699.12,291.92,560.16,-90.82,41.15,7659.39,570.65
175.62,1904.73,20.09,559.1,1520.63,285.63,558.61,-91.04,40.8,7691.06,517.22
198.57,2070.93,20.18,556.65,1592.1,285.11,563.96,-91.84,40.11,7864.01,530.6
181.25,1977.12,19.94,556.33,1507.82,283.99,563.21,-91.94,40.44,7779.5,511.17
154.97,1647.35,16.57,555.89,1238.02,272.51,555.17,-91.22,39.71,7782.92,423.75
136.73,1471.09,14.85,558.73,1081.94,264.49,557.35,-92.3,38.02,8062.44,368.09
156.18,1672.31,15.88,558.78,1235.58,270.29,559.84,-92.86,38.86,8081.1,413.13
151.11,1627.24,15.74,557.75,1200.09,269.05,559.92,-92.84,38.81,8129.5,402.53
230.7,2322.64,22.85,560.17,1839.63,293,568.6,-90.71,40.29,7868.85,603.1
234.16,2328.37,23,561.15,1848.64,293.23,567.81,-90.73,40.39,7865.87,605
214.52,2255.83,23.56,562.12,1806.07,294.61,564.29,-90.51,41.33,7711.17,600.72
194.39,2039.31,21.85,563.53,1622.02,289.06,561.38,-90.77,41.52,7679.1,547.38
173.91,1834.35,19.26,560.68,1446.53,282.23,558.71,-91.02,41.14,7683.57,494.21
188.23,1859.26,16.65,560.17,1386.2,275.65,563.81,-91.76,39.15,8016.2,459.47
230.88,2234.69,20.2,557.82,1729.28,288.18,568.79,-91.43,39.33,8034.88,564.36
174.83,1858.27,18.97,554.32,1484.95,283.3,563.69,-90.23,39.41,8007.53,499.84
201.04,2077.25,22.21,562.57,1665.16,288.91,563.19,-90.52,41,7676.41,556.32
206.25,2100.28,20.67,563.5,1664.55,288.39,568.3,-90.35,40.66,7830.63,556.14
217.35,2317.68,23.76,561.72,1858.6,295.11,562.83,-90.68,41.15,7736.04,614.71
197.72,2111.11,22.64,561.32,1690.62,290.45,562.25,-90.83,41.36,7693.22,568.83
200.14,2041.57,20.75,561.25,1637.78,287.45,562.25,-90.98,41.09,7651.03,545.19
221.49,2366.25,24.23,562.92,1893.09,296.35,565.99,-90.6,41.46,7722.89,626.94
223.39,2220.96,22.11,565.27,1802.61,290.76,566.72,-90.77,40.18,7838.72,586.81
231,2373.78,22.82,561.27,1891.33,294.57,568.73,-90.37,39.95,7969.75,618.62
229.53,2376.13,23.53,561.81,1893.17,294.81,568.04,-90.81,40.68,7841.46,619.19
227.85,2363.84,23.83,563.41,1890.72,294.78,566.87,-90.75,40.92,7783.02,618.82
227.91,2356.21,23.73,563.92,1888.86,294.89,564.21,-90.69,40.68,7798.17,618.64
228.23,2363.89,23.66,566.2,1887.54,294.86,565.06,-90.63,40.68,7796.53,619.41
216.19,2263.74,22.46,559.19,1832.24,293.22,563.19,-89.71,39.88,7950.75,587.67
206.45,2172.69,21.12,560.9,1737.09,290.54,562.52,-89.92,39.8,8017.25,560.97
175.61,1889.44,16.84,561.85,1372.02,276.49,565.32,-92.97,39.84,7991.25,464.81
170.23,1846.79,17.4,559.72,1358.69,276.67,563.18,-92.88,40.08,7924.1,462.64
168.88,1817.56,17.32,560.84,1350.64,276.58,563.04,-92.8,40.26,7859.41,461.9
170.04,1817.61,17.22,561.79,1355.32,276.69,564.21,-92.71,40.27,7863.47,462.66
153.39,1716.03,16.9,557.87,1266.6,274.51,563.81,-93.6,41.03,7708.98,440.37
152.91,1660.24,16.21,554.89,1244.75,271.82,559.03,-92.62,39.81,7986.1,425.33
140.63,1567.15,15.75,555.72,1164.24,269.16,554.9,-92.65,39.52,7831.76,401.17
158.38,1754.34,16.43,554.21,1258.49,272.24,559.62,-92.06,38.36,7983.72,424.26
159.22,1719.62,16.25,554.07,1262.46,272.21,555.49,-92.08,39.19,8024.12,423.7
160.4,1709.61,15.95,553.86,1258.88,272.17,557.69,-92.17,39.22,8013.09,424.18
156.52,1686.67,15.98,554.56,1235.76,272.41,560.8,-92.53,39.02,7962.23,422.49
184.9,1905.37,16.85,561.12,1400.18,275.78,566.76,-93.17,39.5,7970.08,466.4
203.83,2084.85,18.89,562.69,1576.02,282.45,567.07,-92.94,39.41,8070.57,520.38
219.81,2314.64,22.55,557.91,1803.86,291.98,563.71,-92.49,41.12,7724.91,598.23
213.24,2245.86,22.88,559.34,1777.57,291.78,562.79,-94.36,41.4,7804.88,593.52
207.15,2148.29,22.34,561.62,1702.57,289.62,564.1,-92.24,41.37,7657,574.28
207.49,2133.16,21.87,562.28,1697.38,289.32,566.96,-92.27,41.21,7715.1,571.31
208.35,2128.15,21.75,563.52,1694.18,289.05,567.32,-92.38,41.05,7697.97,571.34
208.52,2129.69,21.75,564.24,1696.64,289.2,566.95,-92.41,41.16,7724.62,571.4
207.71,2127.6,21.75,563.75,1695.89,289.02,567.1,-92.45,41.26,7729.65,571.18
207.38,2131.9,21.72,563.61,1699.22,289.03,567.03,-92.48,41.03,7756.78,571.53
190.63,2028.23,21.38,561.57,1605.96,287.34,565.04,-92.52,41.12,7654.88,549.2
193.11,1978.99,20.11,560.53,1579.56,284.63,567.25,-92.59,40.45,7825.31,530.4
194.62,1999.06,19.93,560.25,1584.04,284.67,565.02,-92.66,41.25,7817.65,530.78
193.6,1998.56,19.9,559.39,1577.06,284.65,567.82,-92.7,40.17,7860.89,531.08
177.86,1909.27,19.62,558.88,1483.18,282.8,564.02,-92.73,41.46,7659.16,509.83
151.26,1680.96,16.7,562.9,1245,273.07,561.75,-92.87,41.05,7644.38,432.67
142.76,1587.74,15.26,564.89,1174.18,269.63,557.58,-92.98,39.96,7787.04,404.37
156.65,1699.99,14.92,561.93,1186.76,266.98,566.98,-93.45,38.99,8139.65,400.55
196.02,2123.65,20.18,563.6,1577.32,284.66,563.57,-93.59,38.63,7808.82,531.86
194.63,2092.57,20.22,564.94,1564.39,284.64,565.18,-92.64,40.75,7785.57,531.19
194.21,2076.43,20.16,566.64,1571.02,284.73,564.94,-92.6,40.62,7782.83,531.85
194.45,2067.14,20.04,565.09,1562.9,284.69,565.51,-92.57,40.84,7769.44,530.51
194.13,2058.5,19.93,566.49,1558.53,284.65,568.29,-92.54,41.01,7763.85,531.11
193.56,2051.12,19.87,566.13,1555.06,284.7,567.54,-92.51,40.82,7719.41,530.63
194.38,2065.9,19.84,567.17,1560.39,284.58,567.76,-92.48,40.92,7719.28,531.52
194.19,2064.02,19.8,566.54,1556.07,284.76,568.82,-92.45,41.02,7746.88,530.94
193.48,2042,19.72,567.68,1554.53,284.78,568.94,-92.41,40.76,7745.42,530.81
193.97,2031.23,19.83,566.55,1558.81,284.67,566.76,-92.38,40.89,7736.54,530.21
194.87,2034.46,19.88,566.22,1559.21,284.73,567.21,-92.35,40.82,7764.9,530.68
195.11,2032.98,19.79,566.36,1558.66,284.61,567.94,-92.32,40.63,7804.55,530.91
195.23,2025.69,19.82,565.86,1557.85,284.7,567.25,-92.29,40.72,7753.26,530.42
195.33,2027.4,19.78,566.59,1559.13,284.67,567.24,-92.26,40.87,7761.04,530.43
212.16,2148.52,21.86,565.42,1718.4,289.65,567.96,-91.14,40.43,7825.02,573.17
211.42,2142.46,21.86,564.61,1718.86,289.64,565.26,-91.14,40.8,7828.76,572.57
213.27,2156.89,21.75,564.28,1722.82,289.63,567.14,-91.15,40.65,7770.63,572.98
212.69,2154.34,21.76,563.35,1721.86,289.63,568.44,-91.16,40.65,7794.17,572.53
212.07,2149.29,21.76,564.94,1721.16,289.63,568.43,-91.17,40.71,7824.26,572.32
211.92,2146.85,21.83,564.5,1718.97,289.62,567.42,-91.17,40.6,7786.12,571.99
212.81,2146.77,21.83,563.76,1721.61,289.62,566.65,-91.18,40.61,7810.82,571.71
213.53,2158.85,21.69,564.29,1725.58,289.62,567.21,-91.18,40.52,7815.7,572.42
212.95,2153.82,21.67,563.85,1719.65,289.61,567.89,-91.19,40.52,7822.8,572.35
137.51,1547.51,13.32,556.46,1078.84,263.05,551.63,-91.93,38.16,8162.45,360.28
179.03,1880.99,16.4,553.69,1375.38,274.35,560.87,-92.75,38.23,8218.58,447.93
144.1,1582.5,14.27,558.84,1131.85,266.32,558.35,-91.55,38.86,8067.25,381.56
144.75,1587.4,14.29,558.64,1128.13,266.31,558.78,-91.55,38.65,8115.48,381.02
144.68,1591.35,14.27,559.59,1134.48,266.37,560.36,-91.56,38.33,8218.66,381.49
144.05,1586.06,14.33,558.65,1133.56,266.32,560.97,-91.56,38.48,8136.81,381.66
143.46,1585.09,14.31,558.77,1127.33,266.25,560.25,-91.56,38.72,8071.41,381.01
143.95,1583.14,14.33,558.9,1128.74,266.24,559.5,-91.57,38.81,8075.18,380.69
143.76,1585.16,14.37,558.37,1131.16,266.25,558.97,-91.57,38.97,8162.1,380.49
143.9,1587.23,14.26,559.28,1131.6,266.27,559.3,-91.57,38.44,8144.34,381.11
143.84,1587.26,14.28,558.41,1129.15,266.32,559.82,-91.57,38.46,8154.7,380.83
143.35,1586.77,14.3,559.17,1130.96,266.27,560.47,-91.58,38.35,8179.34,381.05
143.2,1582.51,14.32,558.31,1133.92,266.26,557.96,-91.58,38.22,8169.94,381.14
143.93,1590.09,14.28,558,1133.34,266.27,557.68,-91.59,38.56,8162.21,380.37
145.02,1592.99,14.34,558.9,1133.5,266.24,560.73,-91.59,38.13,8223.5,380.95
144.1,1586.39,14.19,557.99,1130,266.33,563.32,-91.59,38.38,8161.87,380.46
143.48,1583.28,14.4,557.22,1142.66,266.52,558.35,-91.62,38.24,8150.03,380.77
145.59,1595.36,14.12,558.19,1143.82,266.13,557.4,-91.63,38.11,8215.68,381.03
146.81,1610.57,14.05,559.16,1140.54,266.06,561.14,-91.65,38.03,8209.71,381.68
147.8,1606.92,14.22,558.17,1139.34,266.13,559.95,-91.68,38.06,8211.66,381.34
148.35,1611.33,14.24,558.65,1135.23,266.08,565.32,-91.7,38.07,8217.64,381.85
145.77,1592.47,14.46,558.01,1132.66,266.17,567.93,-91.71,38.32,8139.16,381.48
145.94,1586.64,14.41,557.92,1133.55,265.91,565.46,-91.72,38.46,8118.06,380.87
146.33,1586.55,14.28,558.58,1128.21,265.94,563.8,-91.74,38.62,8143.23,380.6
146.6,1583.37,14.2,558.72,1121.91,265.96,563.56,-91.75,38.5,8119.54,380.84
146.3,1586.67,14.24,559.72,1121.76,265.9,565,-91.76,38.46,8144.12,380.8
145.71,1579.63,14.32,559.5,1119.32,265.81,567.37,-91.79,38.72,8074.32,381.1
145.22,1577.02,13.97,558.78,1120.43,265.86,566.36,-91.8,38.58,8159.31,380.56
144.77,1573.79,14.33,559.01,1121.4,265.85,564.83,-91.82,38.35,8155.09,380.4
145.39,1583.17,14.45,558.93,1129.84,265.86,564.24,-91.84,38.03,8220.62,380.59
145.59,1584.43,14.2,559.13,1127.46,265.9,564.59,-91.85,38.34,8185.5,380.69
145.7,1583.7,14.25,559.06,1128.02,265.65,564.55,-91.87,38.28,8163.6,380.78
147.92,1596.34,14.2,560,1125.81,265.96,564.87,-91.93,38.51,8176.51,381.06
148.04,1593.85,14.2,559.69,1126.84,265.92,566.59,-91.91,38.32,8155.1,381.27
147.6,1587.28,14.2,559.59,1123.16,266.02,567,-91.9,38.38,8196.15,380.9
146.95,1581.22,14.36,559.43,1120.39,266.02,566.95,-91.88,38.58,8125.98,380.32
145.89,1573.23,14.37,559.38,1121.12,265.94,566.21,-91.87,38.9,8078.96,380.39
146.59,1576.04,14.25,559.39,1122.72,265.96,564.83,-91.83,38.69,8145.76,380.23
146.86,1574.57,14.28,559.25,1120.75,265.99,565.62,-91.82,38.7,8078.56,380.22
146.49,1573.23,14.32,559.48,1120.07,265.85,566.51,-91.8,38.7,8106.87,380.38
146.5,1571.31,14.1,559.05,1121.58,265.98,567.34,-91.79,38.52,8156.18,380.32
143.94,1557.24,14.39,558.32,1119.16,265.94,566.07,-91.77,38.63,8115.26,380.46
144.05,1546.45,14.27,556.36,1124.77,266.1,559.97,-91.76,38.83,8105.76,379.62
145.43,1562.26,14.26,556.66,1133.98,265.87,556.21,-91.74,38.3,8188.79,380.1
147.86,1572.49,14.28,555.87,1133.18,265.93,556.39,-91.72,38.19,8192.49,380.12
148.14,1583.59,14.27,556.02,1139.4,265.99,559.07,-91.71,38.38,8176.23,380.71
146.92,1575.26,14.1,554.7,1135.9,265.75,560.66,-91.69,38.13,8233.68,380.43
149.99,1595.16,14.46,556.28,1145.32,266.22,559.65,-91.68,38.15,8206.9,382.02
161.65,1777.03,16.57,554.92,1280.34,273.06,559.82,-91.62,39.01,8079.11,429.1
210.81,2167.65,21.35,560.05,1686.93,288.49,566.54,-90.7,40.44,7876.77,556.82
228.64,2278.13,22.32,563.5,1822.96,291.39,566.81,-90.29,39.82,8048.44,590.53
223.16,2296.34,23.44,567.19,1854.16,294.3,567.68,-89.6,40.86,7801.05,608.41
224.7,2309.02,23.16,567.66,1851.67,294.1,569.54,-89.65,40.6,7821.66,608.69
220.7,2303.64,23.3,568.78,1830.13,294.11,569.82,-89.8,40.81,7826.44,604.78
168.49,1784.54,18.79,565.17,1406.99,281.41,563.53,-90.51,40.59,7768.54,485.12
143.92,1534.4,13.94,559.53,1128,266.2,559.96,-91.41,38.66,8025.36,381.25
150.17,1574.27,14.12,558.03,1145.48,266.56,564.37,-91.54,38.1,8161.52,386.39
162.2,1736.37,15.77,557.46,1262.53,272.29,563.14,-91.66,38.49,8157.18,423.99
158.13,1717.74,15.86,555.78,1258.02,272.17,561.06,-91.63,38.88,8098.84,423.26
145.2,1616.02,15.24,554.66,1162.99,269.56,557.9,-91.73,39.08,7971.48,400.27
143.46,1573.41,14.17,559.07,1125.94,266,563.01,-91.61,39.03,8001.26,380.75
142.79,1575.87,14.21,558.46,1122.61,265.98,563.28,-91.63,38.54,8143.67,380.9
143.67,1587.51,14.07,557.74,1128.08,266.07,560.06,-91.65,38.29,8188.54,381.08
144.76,1598.15,14.06,557.44,1129.34,265.9,558.41,-91.67,38.45,8108.17,380.96
145.52,1602.54,14,556.54,1129.62,266.13,558.27,-91.68,38.63,8084.23,380.62
201.23,2071.6,18.48,556.49,1542.53,280.89,568.65,-91.16,38.54,8174.08,502.98
219.8,2253.2,20.42,554.86,1691.49,286.68,567.86,-90.88,39.26,8074.42,550.76
238.06,2482.51,24.07,564.69,2032.02,298.39,563.08,-89.73,40.56,7858.61,655.01
238.22,2495.8,24.13,564.9,2025.8,298.42,565.27,-89.77,40.47,7846.15,656.09
238.14,2495.84,24.23,564.65,2024.08,298.49,565.85,-89.83,40.75,7830.23,655.11
238.6,2509.34,24.36,564.86,2026.1,298.41,567.05,-89.79,40.66,7841.53,656.03
237.49,2508.93,24.28,565.54,2028.1,298.48,568.02,-89.75,40.75,7854.42,656.34
185.53,1964.98,18.82,566.79,1492.13,281.88,566.07,-90.62,39.81,7908.33,501.37
184.79,1962.47,18.83,566.59,1492.24,281.72,564.66,-90.6,40,7890.65,501.2
185.99,1972.29,18.78,567.13,1493.17,281.89,565.36,-90.58,40,7903.22,501.26
189.23,2063.79,22.09,558.97,1648.34,288.61,562.24,-90.34,41.46,7669.31,553.76
171.77,1848.87,20.9,557.28,1462.74,282.89,560.68,-90.62,41.23,7685.55,500.18
157.09,1701.25,15.35,551.65,1259.19,270.99,555.65,-91.52,38.54,8173.52,417.9
168.03,1755.51,15.65,554.92,1288.33,271.18,558.71,-91.41,38.32,8134.89,423.02
208.86,2111.14,18.9,556.17,1610.91,283.46,566.61,-91.15,38.23,8259.14,524.13
201.4,2099.69,21.77,564.21,1674.46,288.18,562.97,-90.77,40.84,7710.14,555.72
204.66,2128.64,20.79,563.61,1681.93,288.16,565.65,-90.9,40.47,7832.49,557.22
174.43,1816.68,18.33,560.52,1415.15,279.49,560.73,-91.31,40.72,7681.27,480.01
177.28,1848.05,17.76,560.02,1440.46,279.36,560.76,-91.44,39.66,7949.38,480.24
132.14,1611.78,15.59,563.77,1105.64,267.81,565.99,-93.53,40.72,7691.17,394.61
140.25,1502.94,14.93,558.67,1105.88,266.48,558.38,-94.14,39.76,7841.29,386.44
140.48,1569.39,14.88,555.34,1158.86,267.78,552.07,-90.37,38.99,8020.68,385.26
150.17,1574.27,14.12,558.03,1145.48,266.56,564.37,-91.54,38.1,8161.52,386.39
180.04,1899.93,17.8,556.84,1436.04,279.55,563.53,-91.54,39.79,7940.3,480.33
180.27,1907.29,17.79,558.47,1429.69,279.25,567.31,-91.51,39.7,7966.91,480.61
182.11,1910.51,17.65,559.17,1434.39,279.28,569.09,-91.49,39.69,7959.68,481.58
199.99,2018.87,19.31,562.86,1574.13,282.42,569.28,-91.84,39.1,8071.47,513.95
209.68,2150.71,20.72,562.47,1661.55,287.64,570.1,-90.58,39.92,7918.66,552.58
165.94,1780.25,18.55,564.21,1364.46,279.42,559.74,-90.71,40.79,7722.67,466.3
161.48,1689.46,16.53,563.48,1292.84,274.25,559.38,-90.9,39.82,7861.1,436.03
162.81,1703.06,16.18,563.47,1296.92,273.79,560.6,-90.33,38.58,8099.33,434.27
166.54,1748.65,16.02,557.4,1302.84,273.77,562.1,-91.23,38.86,8045.26,434.91
166.68,1755.25,16.09,558.43,1293.02,273.73,565.87,-91.21,39.08,8030.37,435.42
166.58,1757.8,16.18,560.25,1288.71,273.79,565.43,-91.19,39.22,7977.82,434.64
166.24,1759.12,16.18,562.46,1288.14,273.67,564.61,-91.17,38.88,8083.07,435.08
166.07,1756.45,16.19,563.76,1287.77,273.76,564.74,-91.15,39.14,8044.51,434.87
164.05,1745.4,16.36,562.94,1283.38,273.79,562.74,-91.11,39.24,7988.17,434.06
164.71,1750.38,16.33,561.55,1293.85,273.8,558.4,-91.09,39.16,8013.38,434.37
165.86,1759.36,16.03,561.89,1296.57,273.73,558.03,-91.07,39.11,8012.5,435.35
165.33,1757.19,16.18,559.24,1296.38,273.9,559.66,-91.05,39.14,8023.11,434.83
189.04,2096.9,22.32,564.39,1661.07,290.26,561.79,-90.65,41.26,7651.29,559.95
170.53,1882.59,19.6,561.77,1479.52,283.57,559.03,-90.93,41.31,7632.49,506.18
166.1,1781.05,16.52,554.73,1341.9,275.49,563.47,-91.58,38.86,7964.59,450.23
189.45,2103.76,22.24,564.1,1665.98,290.07,562.11,-90.99,41.77,7618.93,565.68
173.66,1905.76,20.26,563.6,1501.11,284.19,560.2,-91.25,41.67,7587.02,515.4
169.3,1795.44,15.83,558.29,1300.99,272.05,567.71,-92.23,38.03,8074.63,433.59
190.97,1990.6,17.71,556.01,1488.35,276.28,567.96,-91.91,38.62,8127.51,488.38
228.31,2371.42,21.84,558.32,1840.13,291.02,562.18,-91.26,39.15,8119.03,594.03
200.53,2219.56,23.09,564.36,1718,291.3,565.64,-92.57,41.92,7572.1,585.83
180.94,2006.28,21.39,563.41,1535.85,288.08,564.43,-92.65,41.89,7570.58,532.06
161.52,1801.51,21.23,563.57,1370.85,279.56,561.19,-92.79,41.77,7551.34,482.25
208.71,2302.24,23.61,566.79,1752.26,292.41,566.31,-94.99,42.35,7542.63,598.61
192.38,2077.43,21.98,568.48,1593.98,287.17,565.23,-92.98,41.8,7597.08,549.7
172.23,1903.78,19.43,561.85,1406.45,280.81,563.42,-93.5,41.88,7529.25,494.71
200.45,2233.15,23.06,568.19,1712.89,291.83,565.96,-93.11,41.94,7572.55,585.41
214.37,2398.94,24.02,565.07,1845.49,294.66,567.97,-93.25,41.91,7602.29,621.98
191.21,2157.31,22.92,564.76,1661.25,289.48,565.75,-92.58,41.91,7590.35,568.39
205.54,2279.76,23.76,561.44,1784.49,292.71,564.45,-93.2,41.73,7555.48,604.5
169.13,1927.05,19.89,562.01,1415.08,280.59,562.75,-93.85,41.71,7563.87,495.13
169.03,1856.43,19.72,564.26,1416.35,282.37,563.87,-93.76,41.83,7556.17,497.24
187.52,2070.08,22.53,563.57,1608.83,288,565.64,-93.65,42.31,7499.22,558.78
167.61,1858.84,19.97,562.25,1433.42,281.72,563.61,-93.76,42.21,7497.43,505.59
203.63,2193.23,22.64,563.43,1732.61,291.88,563.53,-90.75,41.96,7585.5,587.88
181.78,1971.63,22.08,562.11,1540.68,286.74,560.7,-93.81,42.29,7502.11,534.37
162.65,1770.01,20.32,560.88,1365.78,282.73,557.3,-93.89,42.03,7502.86,480.85
233.46,2491.28,24.24,565.67,1969.18,297.86,566.09,-93.73,41.82,7648.48,654.81
233.5,2490.5,24.22,565.88,1967.19,297.99,565.94,-93.72,41.82,7641.25,654.46
234.15,2496.33,24.28,566.67,1970.98,297.78,567.03,-93.71,41.8,7656.49,655.21
233.97,2499.73,24.2,566.85,1966.57,297.82,567.71,-93.71,41.84,7644.44,654.91
234.45,2499,24.2,568.02,1967.24,297.98,566.96,-93.7,41.81,7650.87,654.62
233.24,2486.69,24.26,567.29,1971.49,297.92,566.7,-93.69,41.75,7672.63,654.36
233.74,2494.3,24.27,566.48,1968.04,297.87,568.16,-93.67,41.72,7659.63,654.62
233.13,2495.59,24.21,567.13,1967.11,297.81,566.85,-93.63,41.75,7642.91,655.14
208.73,2334.99,23.91,566.7,1808.07,294.72,566.61,-93.04,42.27,7537.46,614.35
168.91,1890.23,20.7,564.93,1437.24,283.32,563.27,-94,42.11,7486.95,506.55
214.35,2395.04,23.97,565.97,1854.23,295.65,568.4,-94.1,41.94,7591.76,624.68
171.17,1898.44,20.66,561.54,1481.23,284.72,562.01,-94.15,42.02,7516.47,517.06
170.44,1860.66,19.82,561.19,1450.19,283.28,562.66,-94.63,41.99,7514.24,508.7
180.63,1932.45,21.14,564.45,1553.14,286.46,562.95,-94.25,42.12,7526.66,539.21
152.1,1720.99,18.14,560.46,1302.83,277.87,565.3,-94.4,42.03,7505.11,464.1
221.42,2356.18,23.98,563.27,1899.26,296.25,565.33,-90.7,42.09,7587.38,636.68
196.33,2101.93,22.51,559.3,1673.34,290.5,563.54,-94.11,42.09,7528.69,573.3
183.93,1989.39,20.8,560.49,1572.73,286.77,564.19,-94.16,41.71,7582.93,540.78
161.35,1776.06,19.46,558.32,1382.9,281.48,563.52,-94.21,41.91,7510.83,487.2
220.77,2353.91,24,561.58,1896.5,296.04,564.99,-94.37,41.72,7636.43,632.47
206.05,2237.82,23.13,557.29,1785.72,293.05,563.37,-90.5,41.93,7584.84,601.61
174.56,1908.93,20.57,556.18,1499.62,285.2,559.23,-94.33,42.28,7499.02,521.41
154.53,1724,19.23,552.94,1322.79,278.25,555.08,-94.45,42.13,7474.53,467.87
210.3,2300.91,23.53,564.65,1838.26,295.22,565.94,-94.54,42.31,7535.73,623.12
222.12,2221.8,23.43,565.26,1829.9,293.54,564.84,-94.61,41.77,7637.51,615.3
171.54,1860.31,18.83,560.67,1419.64,280.94,561.46,-94.89,41.87,7594.89,493.91
208.96,2268.72,23.19,563.05,1814.77,294.74,564.77,-94.57,42.35,7508.73,616.42
173.82,1845.7,19.59,560.8,1470.9,283.47,560.9,-92.86,41.89,7540.8,512.95
220.84,2335.53,23.78,564.63,1867.89,295.89,565.29,-94.45,42.2,7552.86,630.24
191.42,2031.38,21.17,563.23,1611.38,288,564.84,-94.89,42.13,7546.37,556.79
214.49,2270.92,23.91,565.76,1841.38,295.25,564.37,-92.53,42.07,7553.37,622.75
191.5,2048.91,22.73,563.15,1659.81,289.98,560.76,-94.5,42.08,7525.46,569.37
183.71,1988.26,22.87,557.88,1599.46,288.06,560.16,-94.52,42.05,7530.19,550.13
163.75,1781.66,20.92,551.3,1420.82,282.2,555.61,-94.64,42.17,7487.1,496.86
222.9,2314.53,23.73,563.1,1874.91,296.7,564.6,-94.8,42.1,7585.59,630.08
195.3,2029.93,21.69,564,1633.87,289.56,563.6,-94.84,42.17,7552.16,562.54
208.75,2179.43,23.62,562.55,1769.09,292.93,562.58,-94.71,42.05,7568.23,599.22
181.11,1925.8,20.77,554.28,1556.6,285.88,554,-91.09,41.96,7538.06,534.96
203.94,2248.18,23.4,564.72,1785.74,293.91,563.86,-94.83,42.33,7527.66,607.82
191.2,2019.84,21.78,559.93,1613.94,288.08,561.97,-94.82,42.13,7639.37,554.99
206.56,2246.23,23.49,564.38,1777.18,293.61,565.33,-94.68,42.31,7621.77,606.56
169.12,1823.59,18.77,559.59,1412.33,281.97,559.82,-94.73,42.1,7498.39,497.4
212.45,2214.16,23.4,567.43,1757.22,293.31,566.34,-94.43,42.06,7613.02,599.49
205.52,2220.66,23.47,567.13,1742.64,292.65,565.84,-94.55,42.35,7615.59,597.71
185.92,2007.73,22.31,567.55,1561.98,289.31,565.36,-94.58,42.35,7505.95,545.55
171.33,1835.58,19.17,563.3,1393.65,281.25,564.99,-92.55,42.01,7674.89,492.85
220.16,2348.56,23.85,567.41,1860.39,295.87,566.87,-94.3,42.18,7690.27,629.8
179,1920.55,20.89,565.47,1508.88,285.76,560.17,-94.35,42.22,7511.81,527.78
161.66,1770.34,18.19,566.47,1348.74,279.82,557.73,-94.45,42,7488.13,477.95
164.48,1752.17,17.81,562.4,1348.52,279.62,561.95,-94.32,41.88,7503.91,477.88
213.65,2333.38,23.74,566.15,1861.38,295.83,566.2,-89.79,42.14,7654.72,630.02
194.78,2118.12,20.91,562.45,1652.26,289.09,568.09,-94.43,41.75,7691.99,566.88
172.09,1890.57,19.74,560.28,1474.11,284.35,563.07,-93.6,42.12,7599.92,515.84
219.32,2383.65,23.97,567.03,1895.71,297.27,566.79,-94.2,41.93,7689.21,636.93
177.14,1935.42,20.28,561.96,1511.37,285.32,565.67,-94.35,42,7668.64,526.79
204.05,2230.6,23.48,565.6,1781.38,293.79,565.06,-89.65,42.13,7645.65,604.96
166.75,1834.21,19.12,558.69,1431.12,282.31,560.55,-94.4,41.75,7686.41,499.9
170.07,1881.47,21.13,562.28,1476.65,285.24,561.1,-94.28,42.19,7543.18,516.25
152.37,1728.59,20.42,559.07,1316.33,277.73,556.43,-94.38,41.77,7508.39,463.78
196.59,2216.88,22.74,561.7,1714.57,291.62,563.28,-94.31,42.29,7694.96,585.89
190.83,2104.82,22.74,564.04,1648.59,289.33,564.11,-94.32,41.98,7600.42,565.06
220.98,2383.77,23.39,562.72,1908.28,296.55,561.01,-94.22,41.94,7703.34,638.27
175.52,1909.55,21.12,560.41,1524.04,285.29,559.97,-94.49,41.7,7582.87,526.18
174.75,1873.11,20.69,561.28,1500.52,285.08,561.88,-94.32,42,7540.79,521.51
156.14,1706.73,18.53,557.26,1324.55,279.03,559.38,-94.43,41.93,7515.5,468.46
209.78,2270.52,23.73,560.83,1822.38,294.4,564.46,-94.13,41.82,7605.65,611.1
187.37,2039.46,22.42,560.4,1634.29,288.58,561.98,-92.65,41.77,7591.58,557.38
233.69,2451.34,23.84,567.25,1969.86,297.81,568.78,-94.16,41.71,7676.33,655
174.18,1838.5,20.41,553.54,1477.76,283.87,553.97,-94.35,42.26,7498.54,513.19
207.29,2203.85,23.31,561.28,1756.46,292.68,565.18,-94.56,42.14,7561.8,596.34
189.29,2034.41,21.16,564.89,1579.05,287.46,564.51,-94.72,42.14,7543.77,546.65
179.53,1967.77,20.66,560.69,1511.08,284.77,561.73,-94.63,41.87,7563,522.75
181.09,1888.43,20.32,561.61,1497.26,284.36,558.55,-93.32,41.99,7560.27,518.96
205.27,2209.1,23.52,565.73,1763.45,293.57,565.73,-94.35,42.15,7559.92,599.62
183.97,1973.23,22.31,563.08,1577.1,288.18,561.61,-92.11,42.2,7523.49,545.37
219.6,2268.35,23.31,564.6,1837.54,295.24,565.26,-94.02,42.06,7587.05,619.84
197.63,2093.12,22.39,564.53,1661.68,289.8,565.1,-94.25,41.88,7597.93,567.72
181.37,1931.7,20.12,563.41,1501.03,285.28,566.75,-90.58,41.97,7548.78,523.68
242.55,2507.04,22.8,563.08,1926.32,293.85,565.6,-94.66,40.43,7907.79,627.09
234.57,2398.9,21.65,560.8,1811.97,290.33,563.33,-94.55,40.17,7964.14,590.08
246.03,2461.66,22.03,562.3,1966.98,295.43,564.31,-90.63,39.72,7977.62,636.67
243.91,2481.33,22.43,560.62,1923.75,292.89,565.91,-91.57,39.79,7978.85,621.05
240.33,2471.62,23.23,563.8,1992.35,295.85,568.2,-90.06,40.59,7813.71,633.77
236.75,2396.37,22.27,557,1905.94,292.87,563.45,-91.48,39.78,8000.69,613.69
238.77,2457.65,23.95,559.62,1955.38,296.38,564.65,-93.59,40.62,8004.34,634.98
